{
  "results": [
    {
      "command": "./bin/yuku_antd",
      "mean": 0.02302413192319328,
      "stddev": 0.0036513638260932337,
      "median": 0.02207844494,
      "user": 0.020320519663865548,
      "system": 0.0018229057142857147,
      "min": 0.02064490394,
      "max": 0.05121077794,
      "times": [
        0.022289735940000003,
        0.022098444940000003,
        0.024058985940000003,
        0.02251531994,
        0.026350403940000003,
        0.02217036094,
        0.021918902940000002,
        0.021692736940000002,
        0.022937278940000003,
        0.02167227794,
        0.02135590294,
        0.02132336194,
        0.021141069940000003,
        0.021043444940000003,
        0.02084306994,
        0.02088936094,
        0.02089061194,
        0.02082269494,
        0.02107319494,
        0.024387069940000002,
        0.024996527940000002,
        0.026232985940000002,
        0.024184527940000002,
        0.024315110940000002,
        0.02352919494,
        0.025928319940000003,
        0.02297794494,
        0.023264486940000002,
        0.02130494494,
        0.025091194940000002,
        0.02440927794,
        0.026603778940000003,
        0.02646381994,
        0.024944110940000003,
        0.023412610940000002,
        0.02337919494,
        0.02550761094,
        0.02493486194,
        0.02375961194,
        0.023103319940000002,
        0.02311306994,
        0.023595402940000003,
        0.02445077794,
        0.022255111940000002,
        0.021555027940000002,
        0.02181948594,
        0.02140040294,
        0.022464902940000003,
        0.021623319940000003,
        0.021654444940000003,
        0.02413311094,
        0.022507694940000003,
        0.022512236940000003,
        0.02207844494,
        0.021924069940000002,
        0.022609110940000003,
        0.023190819940000003,
        0.020917403940000003,
        0.021606111940000002,
        0.020888903940000002,
        0.021341403940000003,
        0.020946694940000003,
        0.021339777940000002,
        0.02130340294,
        0.02105048694,
        0.020834819940000002,
        0.021213069940000003,
        0.021111236940000003,
        0.022372235940000002,
        0.02309248694,
        0.022310194940000003,
        0.02166881994,
        0.021416653940000002,
        0.02200527894,
        0.022763278940000003,
        0.021981152940000002,
        0.020798986940000003,
        0.020913111940000003,
        0.02587598694,
        0.02610473694,
        0.03942848694,
        0.033867736940000004,
        0.024724694940000003,
        0.023579860940000003,
        0.028029569940000002,
        0.05121077794,
        0.02801236194,
        0.027257194940000003,
        0.022989485940000002,
        0.022550903940000002,
        0.02253836194,
        0.02210048694,
        0.021902777940000003,
        0.025454361940000003,
        0.022133777940000002,
        0.02214056994,
        0.021274528940000002,
        0.021198528940000003,
        0.02088506994,
        0.02109548694,
        0.02104081994,
        0.021041360940000003,
        0.02106515294,
        0.020868027940000002,
        0.020814153940000003,
        0.02099956994,
        0.02064490394,
        0.022676277940000003,
        0.021694778940000003,
        0.021058611940000003,
        0.021086736940000003,
        0.02097956994,
        0.02124231994,
        0.02085702794,
        0.020838028940000003,
        0.02083331994,
        0.02130144494,
        0.02090956994,
        0.020983652940000003
      ],
      "memory_usage_byte": [
        32817152,
        32817152,
        32817152,
        32817152,
        32817152,
        32817152,
        32817152,
        32817152,
        32817152,
        32817152,
        32817152,
        32817152,
        32817152,
        32817152,
        32817152,
        32817152,
        32817152,
        32817152,
        32817152,
        32817152,
        32817152,
        32817152,
        32817152,
        32817152,
        32817152,
        32817152,
        32817152,
        32817152,
        32817152,
        32817152,
        32817152,
        32817152,
        32817152,
        32817152,
        32817152,
        32817152,
        32817152,
        32817152,
        32817152,
        32817152,
        32817152,
        32817152,
        32817152,
        32817152,
        32817152,
        32817152,
        32817152,
        32817152,
        32817152,
        32817152,
        32817152,
        32817152,
        32817152,
        32817152,
        32817152,
        32817152,
        32817152,
        32817152,
        32817152,
        32817152,
        32817152,
        32817152,
        32817152,
        32817152,
        32817152,
        32817152,
        32817152,
        32817152,
        32817152,
        32817152,
        32817152,
        32817152,
        32817152,
        32817152,
        32817152,
        32817152,
        32817152,
        32817152,
        32817152,
        32817152,
        32817152,
        32817152,
        32817152,
        32817152,
        32817152,
        32817152,
        32817152,
        32817152,
        32817152,
        32817152,
        32817152,
        32817152,
        32817152,
        32817152,
        32817152,
        32817152,
        32817152,
        32817152,
        32817152,
        32817152,
        32817152,
        32817152,
        32817152,
        32817152,
        32817152,
        32817152,
        32817152,
        32817152,
        32817152,
        32817152,
        32817152,
        32817152,
        32817152,
        32817152,
        32817152,
        32817152,
        32817152,
        32817152,
        32817152
      ],
      "exit_codes": [
        0,
        0,
        0,
        0,
        0,
        0,
        0,
        0,
        0,
        0,
        0,
        0,
        0,
        0,
        0,
        0,
        0,
        0,
        0,
        0,
        0,
        0,
        0,
        0,
        0,
        0,
        0,
        0,
        0,
        0,
        0,
        0,
        0,
        0,
        0,
        0,
        0,
        0,
        0,
        0,
        0,
        0,
        0,
        0,
        0,
        0,
        0,
        0,
        0,
        0,
        0,
        0,
        0,
        0,
        0,
        0,
        0,
        0,
        0,
        0,
        0,
        0,
        0,
        0,
        0,
        0,
        0,
        0,
        0,
        0,
        0,
        0,
        0,
        0,
        0,
        0,
        0,
        0,
        0,
        0,
        0,
        0,
        0,
        0,
        0,
        0,
        0,
        0,
        0,
        0,
        0,
        0,
        0,
        0,
        0,
        0,
        0,
        0,
        0,
        0,
        0,
        0,
        0,
        0,
        0,
        0,
        0,
        0,
        0,
        0,
        0,
        0,
        0,
        0,
        0,
        0,
        0,
        0,
        0
      ]
    },
    {
      "command": "./bin/oxc_antd",
      "mean": 0.021278844528709675,
      "stddev": 0.00017234725421645512,
      "median": 0.02124417444,
      "user": 0.018973303548387103,
      "system": 0.0020319909677419356,
      "min": 0.020961861940000003,
      "max": 0.02190936194,