{
  "results": [
    {
      "command": "./bin/yuku_antd",
      "mean": 0.05777343104666668,
      "stddev": 0.0003678874148750764,
      "median": 0.05768530838,
      "user": 0.04566322549019606,
      "system": 0.012078265882352938,
      "min": 0.057338831380000004,
      "max": 0.059358262380000006,
      "times": [
        0.05765930038,
        0.057826491380000004,
        0.05734985238,
        0.05746263338,
        0.057561066380000005,
        0.057972000380000006,
        0.058454024380000004,
        0.057799230380000004,
        0.057536570380000006,
        0.057433628380000004,
        0.05778720938,
        0.057697441380000006,
        0.05748921138,
        0.057338831380000004,
        0.05779211738,
        0.05800157938,
        0.05746826238,
        0.057641376380000005,
        0.057464737380000006,
        0.057515741380000006,
        0.057504260380000005,
        0.05781350838,
        0.057491736380000005,
        0.057614917380000005,
        0.05756208838,
        0.05740410338,
        0.05756377138,
        0.057858271380000006,
        0.05791969638,
        0.057703412380000006,
        0.05780906938,
        0.05762657838,
        0.05768530838,
        0.057381911380000004,
        0.059358262380000006,
        0.05792916438,
        0.057602274380000006,
        0.057545587380000006,
        0.057684457380000005,
        0.05853481438,
        0.058045050380000004,
        0.05808743838,
        0.05771703838,
        0.05809085638000001,
        0.058223914380000005,
        0.05848088438,
        0.057633732380000004,
        0.05744429838,
        0.05823925238,
        0.05783480138,
        0.05780321738
      ],
      "memory_usage_byte": [
        31936512,
        31936512,
        31936512,
        31936512,
        31936512,
        31936512,
        31936512,
        31936512,
        31936512,
        31936512,
        31936512,
        31936512,
        31936512,
        31936512,
        31936512,
        31936512,
        31936512,
        31936512,
        31936512,
        31936512,
        31936512,
        31936512,
        31936512,
        31936512,
        31936512,
        31936512,
        31936512,
        31936512,
        31936512,
        31936512,
        31936512,
        31936512,
        31936512,
        31936512,
        31936512,
        31936512,
        31936512,
        31936512,
        31936512,
        31936512,
        31936512,
        31936512,
        31936512,
        31936512,
        31936512,
        31936512,
        31936512,
        31936512,
        31936512,
        31936512,
        31936512
      ],
      "exit_codes": [
        0,
        0,
        0,
        0,
        0,
        0,
        0,
        0,
        0,
        0,
        0,
        0,
        0,
        0,
        0,
        0,
        0,
        0,
        0,
        0,
        0,
        0,
        0,
        0,
        0,
        0,
        0,
        0,
        0,
        0,
        0,
        0,
        0,
        0,
        0,
        0,
        0,
        0,
        0,
        0,
        0,
        0,
        0,
        0,
        0,
        0,
        0,
        0,
        0,
        0,
        0
      ]
    },
    {
      "command": "./bin/oxc_antd",
      "mean": 0.057139001668461545,
      "stddev": 0.0005344424002967528,
      "median": 0.05693458288,
      "user": 0.040398942307692295,
      "system": 0.016702079230769235,
      "min": 0.05659234238,
      "max": 0.058990339380000006,
      "times": [
        0.05661993238,
        0.056754232380000005,
        0.056732782380000006,
        0.05767584438,
        0.057327554380000006,
        0.05689266138,
        0.056654807380000005,
        0.05695644038,
        0.056838630380000005,
        0.056975597380000007,
        0.058940737380000004,
        0.05830254438,
        0.058990339380000006,
        0.05796424338,
        0.057585625380000005,
        0.05724470838,
        0.05720805038000001,
        0.056825355380000005,
        0.05678819638,
        0.058125344380000006,
        0.057227988380000004,
        0.05730892038,
        0.05713882138,
        0.05697697938,
        0.056630010380000005,
        0.056883835380000004,
        0.056908341380000005,
        0.05746256638,
        0.057129574380000006,
        0.05684678638000001,
        0.05677257638,
        0.05730561338,
        0.05717863638,
        0.05671479938000001,
        0.056793085380000004,
        0.056816890380000006,
        0.05689175038,
        0.056776433380000005,
        0.056839898380000003,
        0.05659234238,
        0.057234857380000004,
        0.05770451338,
        0.057279599380000004,
        0.056853264380000004,
        0.05670067838,
        0.056776620380000004,
        0.056776671380000004,
        0.057033380380000005,
        0.05704312838,
        0.05673149638,
        0.05758167438,
        0.05691272538
      ],
      "memory_usage_byte": [
        42971136,
        42971136,
        42971136,
        42971136,
        42971136,
        42971136,
        42971136,
        42971136,
        42971136,
        42971136,
        42971136,
        42971136,
        42971136,
        42971136,
        42971136,
        42971136,
        42971136,
        42971136,
        42971136,
        42971136,
        42971136,
        42971136,
        42971136,
        42971136,
        42971136,
        42971136,
        42971136,
        42971136,
        42971136,
        42971136,
        42971136,
        42971136,
        42971136,
        42971136,
        42971136,
        42971136,
        42971136,
        42971136,
        42971136,
        42971136,
        42971136,
        42971136,
        42971136,
        42971136,
        42971136,
        42971136,
        42971136,
        42971136,
        42971136,
        42971136,
        42971136,
        42971136
      ],
      "exit_codes": [
        0,
        0,
        0,
        0,
        0,
        0,
        0,
        0,
        0,
        0,
        0,
        0,
        0,
        0,
        0,
        0,
        0,
        0,
        0,
        0,
        0,
        0,
        0,
        0,
        0,
        0,
        0,
        0,
        0,
        0,
        0,
        0,
        0,
        0,
        0,
        0,
        0,
        0,
        0,
        0,
        0,
        0,
        0,
        0,
        0,
        0,
        0,
        0,
        0,
        0,
        0,
        0
      ]
    },
    {
      "command": "./bin/swc_antd",
      "mean": 0.12107806925500003,
      "stddev": 0.00102954990477774,
      "median": 0.12097333738,
      "user": 0.08998820833333332,
      "system": 0.031012018333333335,
      "min": 0.11963046338000001,
      "max": 0.12442496838,
      "times": [
        0.12031891038,
        0.12204366838000001,
        0.12141681938000001,
        0.12074032738000001,
        0.12174294038000001,
        0.12014403338,
        0.11996895538,
        0.11988693338,
        0.12004170238,
        0.12035709138,
        0.12100668538,
        0.12072406638000001,
        0.12442496838,
        0.12093998938,
        0.12176604338000001,
        0.12134902338,
        0.12203484538,
        0.12203676838000001,
        0.12059679938000001,
        0.12110214338000001,
        0.12134846338000001,
        0.12181399238000001,
        0.11963046338000001,
        0.12043802838
      ],
      "memory_usage_byte": [
        70602752,
        70602752,
        70602752,
        70602752,
        70602752,
        70602752,
        70602752,
        70602752,
        70602752,
        70602752,
        70602752,
        70602752,
        70602752,
        70602752,
        70606848,
        70606848,
        70606848,
        70606848,
        70606848,
        70606848,
        70606848,
        70606848,
        70606848,
        70606848
      ],