{
  "results": [
    {
      "command": "./bin/yuku_antd",
      "mean": 0.060144637611428575,
      "stddev": 0.0003034423930765801,
      "median": 0.060084427040000006,
      "user": 0.04452128734693878,
      "system": 0.015558855510204077,
      "min": 0.05956604704000001,
      "max": 0.06154124104000001,
      "times": [
        0.060075594040000006,
        0.060111258040000004,
        0.06011495304,
        0.05990032004,
        0.06035290204,
        0.06000391604000001,
        0.05994527804000001,
        0.05997388104,
        0.06042973704000001,
        0.060007992040000006,
        0.06154124104000001,
        0.060324118040000006,
        0.05984382504000001,
        0.05998758104000001,
        0.059926009040000006,
        0.060015203040000006,
        0.05994064004000001,
        0.05991548204,
        0.060084427040000006,
        0.06013066604,
        0.06013321104,
        0.06006468704000001,
        0.05993614404000001,
        0.060343818040000004,
        0.060176065040000004,
        0.06001717604000001,
        0.060451520040000005,
        0.06081650904000001,
        0.060203656040000005,
        0.06028302604000001,
        0.060295816040000005,
        0.06026578004000001,
        0.05998966404000001,
        0.060232830040000004,
        0.060184277040000005,
        0.059924467040000005,
        0.059832899040000005,
        0.060289266040000004,
        0.05989660504,
        0.059945308040000006,
        0.05956604704000001,
        0.060367925040000006,
        0.060036576040000005,
        0.060591802040000003,
        0.06014228504000001,
        0.059833069040000006,
        0.05996921504,
        0.06017906104,
        0.06049351404000001
      ],
      "memory_usage_byte": [
        32026624,
        32026624,
        32026624,
        32026624,
        32026624,
        32026624,
        32026624,
        32026624,
        32026624,
        32026624,
        32026624,
        32026624,
        32026624,
        32026624,
        32026624,
        32026624,
        32026624,
        32026624,
        32026624,
        32026624,
        32026624,
        32026624,
        32026624,
        32026624,
        32026624,
        32026624,
        32026624,
        32026624,
        32026624,
        32026624,
        32026624,
        32026624,
        32026624,
        32026624,
        32026624,
        32026624,
        32026624,
        32026624,
        32026624,
        32026624,
        32026624,
        32026624,
        32026624,
        32026624,
        32026624,
        32026624,
        32026624,
        32026624,
        32026624
      ],
      "exit_codes": [
        0,
        0,
        0,
        0,
        0,
        0,
        0,
        0,
        0,
        0,
        0,
        0,
        0,
        0,
        0,
        0,
        0,
        0,
        0,
        0,
        0,
        0,
        0,
        0,
        0,
        0,
        0,
        0,
        0,
        0,
        0,
        0,
        0,
        0,
        0,
        0,
        0,
        0,
        0,
        0,
        0,
        0,
        0,
        0,
        0,
        0,
        0,
        0,
        0
      ]
    },
    {
      "command": "./bin/oxc_antd",
      "mean": 0.06623411890363637,
      "stddev": 0.0002484519372725688,
      "median": 0.06618738504000002,
      "user": 0.04338969272727273,
      "system": 0.02277969363636364,
      "min": 0.06584628604000001,
      "max": 0.06714827704000001,
      "times": [
        0.06592498504000001,
        0.06630321504,
        0.06619303904000001,
        0.06611422004,
        0.06667180004,
        0.06637647504000001,
        0.06645479304,
        0.06641322004000001,
        0.06629697504000001,
        0.06594758904,
        0.06650578004,
        0.06584628604000001,
        0.06598638704000001,
        0.06659779904,
        0.06618173104000001,
        0.06599582204,
        0.06605015404,
        0.06614501604,
        0.06632920304,
        0.06605755504000001,
        0.06617615304,
        0.06602390404000001,
        0.06633211804000001,
        0.06632811204000001,
        0.06625009404000001,
        0.06629948904,
        0.06654074304,
        0.06603429904000001,
        0.06643999004000001,
        0.06714827704000001,
        0.06622304304000001,
        0.06603377904,
        0.06612080004000001,
        0.06662909604,
        0.06624276304,
        0.06602459404000001,
        0.06602064904,
        0.06616030904,
        0.06622700004000001,
        0.06613884704,
        0.06597756404,
        0.06603508104000001,
        0.06602976204000001,
        0.06647272004
      ],
      "memory_usage_byte": [
        42975232,
        42975232,
        42975232,
        42975232,
        42975232,
        42975232,
        42975232,
        42975232,
        42975232,
        42975232,
        42975232,
        42975232,
        42975232,
        42975232,
        42975232,
        42975232,
        42975232,
        42975232,
        42975232,
        42975232,
        42975232,
        42975232,
        42975232,
        42975232,
        42975232,
        42975232,
        42975232,
        42975232,
        42975232,
        42975232,
        42975232,
        42975232,
        42975232,
        42975232,
        42975232,
        42975232,
        42975232,
        42975232,
        42975232,
        42975232,
        42975232,
        42975232,
        42975232,
        42975232
      ],
      "exit_codes": [
        0,
        0,
        0,
        0,
        0,
        0,
        0,
        0,
        0,
        0,
        0,
        0,
        0,
        0,
        0,
        0,
        0,
        0,
        0,
        0,
        0,
        0,
        0,
        0,
        0,
        0,
        0,
        0,
        0,
        0,
        0,
        0,
        0,
        0,
        0,
        0,
        0,
        0,
        0,
        0,
        0,
        0,
        0,
        0
      ]
    },
    {
      "command": "./bin/swc_antd",
      "mean": 0.13790371923047617,
      "stddev": 0.0005400988392052549,
      "median": 0.13783871504,
      "user": 0.09615744380952379,
      "system": 0.0416485561904762,
      "min": 0.13693967504,
      "max": 0.13870788004,
      "times": [
        0.13791108404,
        0.13718092703999998,
        0.13783871504,
        0.13834697803999998,
        0.13730949004,
        0.13842324304,
        0.13865031304,
        0.13863916703999998,
        0.13810127904,
        0.13851434903999998,
        0.13870788004,
        0.13755182404,
        0.13747755304,
        0.13739807303999999,
        0.13770100804,
        0.13693967504,
        0.13741078203999998,
        0.13764184004,
        0.13853857804,
        0.13764945404,
        0.13804589104
      ],
      "memory_usage_byte": [
        70545408,
        70545408,
        70545408,
        70545408,
        70545408,
        70545408,
        70545408,
        70545408,
        70545408,
        70545408,
        70545408,
        70545408,
        70545408,
        70545408,
        70545408,
        70545408,
        70545408,
        70545408,
        70545408,
        70545408,
        70545408
      ],
      "exit_codes": [
        0,
        0,
        0,
        0,
        0,
        0,
        0,
        0,
        0,
        0,
        0,
        0,
        0,
        0,
        0,
        0,
        0,
        0,
        0,
        0,
        0
      ]
    }
  ]
}
