{
  "results": [
    {
      "command": "./bin/yuku_antd",
      "mean": 0.04865265981694916,
      "stddev": 0.000531350085269054,
      "median": 0.0485505138,
      "user": 0.03983655152542374,
      "system": 0.008746498644067794,
      "min": 0.0476060448,
      "max": 0.0501609338,
      "times": [
        0.0498982998,
        0.0501609338,
        0.0493242608,
        0.0491800448,
        0.0493042608,
        0.0494133948,
        0.0490474788,
        0.0487209458,
        0.0483460448,
        0.048110634799999996,
        0.0478463468,
        0.0482931468,
        0.0482588698,
        0.0483527938,
        0.0480100758,
        0.0485109118,
        0.0492249548,
        0.0488152018,
        0.0487567498,
        0.0487401008,
        0.0481411628,
        0.0482810958,
        0.048258849799999996,
        0.0482044238,
        0.0487964418,
        0.0483329548,
        0.0482378348,
        0.0492579908,
        0.0489423468,
        0.0493763678,
        0.0493305338,
        0.0489751748,
        0.0493094658,
        0.0491812798,
        0.0489857248,
        0.0485520258,
        0.0481689478,
        0.0478550068,
        0.0480021628,
        0.0483697808,
        0.0487566368,
        0.0490281858,
        0.0490521588,
        0.0485289518,
        0.0495107928,
        0.0486245348,
        0.0484257378,
        0.0481578698,
        0.0482633738,
        0.0487072838,
        0.0482901818,
        0.0481012408,
        0.0485375588,
        0.0487968068,
        0.0485505138,
        0.0483005628,
        0.0482827858,
        0.0481106848,
        0.0476060448
      ],
      "memory_usage_byte": [
        31862784,
        31862784,
        31862784,
        31862784,
        31862784,
        31862784,
        31862784,
        31862784,
        31862784,
        31862784,
        31862784,
        31862784,
        31862784,
        31862784,
        31862784,
        31862784,
        31862784,
        31862784,
        31862784,
        31862784,
        31862784,
        31862784,
        31862784,
        31862784,
        31862784,
        31862784,
        31862784,
        31862784,
        31862784,
        31862784,
        31862784,
        31862784,
        31862784,
        31862784,
        31862784,
        31862784,
        31862784,
        31862784,
        31862784,
        31862784,
        31862784,
        31862784,
        31862784,
        31862784,
        31862784,
        31862784,
        31862784,
        31862784,
        31862784,
        31862784,
        31862784,
        31862784,
        31862784,
        31862784,
        31862784,
        31862784,
        31862784,
        31862784,
        31862784
      ],
      "exit_codes": [
        0,
        0,
        0,
        0,
        0,
        0,
        0,
        0,
        0,
        0,
        0,
        0,
        0,
        0,
        0,
        0,
        0,
        0,
        0,
        0,
        0,
        0,
        0,
        0,
        0,
        0,
        0,
        0,
        0,
        0,
        0,
        0,
        0,
        0,
        0,
        0,
        0,
        0,
        0,
        0,
        0,
        0,
        0,
        0,
        0,
        0,
        0,
        0,
        0,
        0,
        0,
        0,
        0,
        0,
        0,
        0,
        0,
        0,
        0
      ]
    },
    {
      "command": "./bin/oxc_antd",
      "mean": 0.050912379677193,
      "stddev": 0.0004356073034553138,
      "median": 0.0509116368,
      "user": 0.04005976175438594,
      "system": 0.010790502807017543,
      "min": 0.0500293438,
      "max": 0.0522071268,
      "times": [
        0.0512270648,
        0.0508731418,
        0.0509382058,
        0.0522071268,
        0.0507961558,
        0.0506483968,
        0.0503420958,
        0.0500851988,
        0.0505194238,
        0.0512344888,
        0.0510655768,
        0.0514141538,
        0.0509116368,
        0.0511018458,
        0.0509453988,
        0.050656870799999996,
        0.0507845158,
        0.0516542278,
        0.0516823188,
        0.0516619888,
        0.0513102178,
        0.0515143598,
        0.0512595058,
        0.0511754328,
        0.0510422128,
        0.0510423708,
        0.0509594358,
        0.0508115228,
        0.0504711928,
        0.0505760048,
        0.0504109018,
        0.0508514818,
        0.0508692928,
        0.0509499518,
        0.050653416799999997,
        0.051016829799999996,
        0.0510069538,
        0.0506900798,
        0.0505532198,
        0.0504886728,
        0.0502966168,
        0.0500293438,
        0.0504735368,
        0.051222403799999996,
        0.0510466938,
        0.0508425138,
        0.0507831298,
        0.0508835848,
        0.0505307678,
        0.0504367138,
        0.0509401908,
        0.0503434518,
        0.0503093848,
        0.0509626108,
        0.0516581678,
        0.0514741248,
        0.0513695158
      ],
      "memory_usage_byte": [
        43102208,
        43102208,
        43102208,
        43102208,
        43102208,
        43102208,
        43102208,
        43102208,
        43102208,
        43102208,
        43102208,
        43102208,
        43102208,
        43102208,
        43102208,
        43102208,
        43102208,
        43102208,
        43102208,
        43102208,
        43102208,
        43102208,
        43102208,
        43102208,
        43102208,
        43102208,
        43102208,
        43102208,
        43102208,
        43102208,
        43102208,
        43102208,
        43102208,
        43102208,
        43102208,
        43102208,
        43102208,
        43102208,
        43102208,
        43102208,
        43102208,
        43102208,
        43102208,
        43102208,
        43102208,
        43102208,
        43102208,
        43102208,
        43102208,
        43102208,
        43102208,
        43102208,
        43102208,
        43102208,
        43102208,
        43102208,
        43102208
      ],
      "exit_codes": [
        0,
        0,
        0,
        0,
        0,
        0,
        0,
        0,
        0,
        0,
        0,
        0,
        0,
        0,
        0,
        0,
        0,
        0,
        0,
        0,
        0,
        0,
        0,
        0,
        0,
        0,
        0,
        0,
        0,
        0,
        0,
        0,
        0,
        0,
        0,
        0,
        0,
        0,
        0,
        0,
        0,
        0,
        0,
        0,
        0,
        0,
        0,
        0,
        0,
        0,
        0,
        0,
        0,
        0,
        0,
        0,
        0
      ]
    },
    {
      "command": "./bin/swc_antd",
      "mean": 0.10363158929999998,
      "stddev": 0.0010356988008208491,
      "median": 0.10377962930000001,
      "user": 0.08243009571428571,
      "system": 0.021111022857142853,
      "min": 0.10145891080000001,
      "max": 0.10520413380000002,
      "times": [
        0.1037602558,
        0.10295142880000001,
        0.10447280280000001,
        0.10416753980000001,
        0.10479998180000001,
        0.10465639280000001,
        0.10373076080000002,
        0.1044007658,
        0.10273723480000001,
        0.10170545780000001,
        0.10240341680000001,
        0.10145891080000001,
        0.10520413380000002,
        0.10497548980000002,
        0.10367331280000001,
        0.10258631780000001,
        0.1020954208,
        0.10238899580000001,
        0.10383983880000001,
        0.10379900280000001,
        0.10385325580000002,
        0.10382584780000001,
        0.10313975980000001,
        0.1034489848,
        0.1042679288,
        0.10502476780000002,
        0.10490697780000001,
        0.1034095168
      ],