{
  "results": [
    {
      "command": "./bin/yuku_antd",
      "mean": 0.02129612681200001,
      "stddev": 0.00032714981683857415,
      "median": 0.021196136140000002,
      "user": 0.019605559999999994,
      "system": 0.001425008,
      "min": 0.02087005314,
      "max": 0.02342238614,
      "times": [
        0.02118855314,
        0.02140630214,
        0.02087005314,
        0.02177863614,
        0.02132784414,
        0.02128667814,
        0.02119013614,
        0.021208678140000003,
        0.02171046914,
        0.021394927140000002,
        0.02162538514,
        0.02193976114,
        0.02342238614,
        0.02226926114,
        0.021828427140000002,
        0.02146821914,
        0.021750594140000003,
        0.02145959414,
        0.02127771914,
        0.020959594140000003,
        0.021103802140000003,
        0.021271469140000002,
        0.021149469140000002,
        0.021110177140000002,
        0.02186634414,
        0.02117767714,
        0.02120334414,
        0.02098201114,
        0.02109271914,
        0.02129638614,
        0.02119176114,
        0.021291844140000002,
        0.021148011140000002,
        0.021075677140000002,
        0.021196136140000002,
        0.02099230314,
        0.021235928140000002,
        0.02110009414,
        0.021055803140000003,
        0.02090055314,
        0.02119330314,
        0.021064761140000002,
        0.021167094140000002,
        0.02099063514,
        0.02118530314,
        0.02160634414,
        0.021464677140000003,
        0.021676552140000003,
        0.021305302140000003,
        0.021295469140000002,
        0.021455469140000002,
        0.02106596914,
        0.021176552140000002,
        0.021201052140000003,
        0.02103930214,
        0.02097163514,
        0.021573635140000002,
        0.02141417814,
        0.022043802140000002,
        0.022033177140000002,
        0.021449510140000003,
        0.02116080214,
        0.02137492714,
        0.021265510140000003,
        0.02113413514,
        0.021099511140000003,
        0.02119238614,
        0.02113938614,
        0.021180803140000003,
        0.02096434414,
        0.021213761140000002,
        0.02166401114,
        0.021169052140000002,
        0.02127280214,
        0.021393761140000002,
        0.021276386140000002,
        0.02119142714,
        0.021274594140000002,
        0.02142905214,
        0.021535344140000003,
        0.021178885140000003,
        0.021225803140000003,
        0.02102280214,
        0.021395803140000003,
        0.02148734414,
        0.021425135140000003,
        0.02131759414,
        0.02201788614,
        0.02151209414,
        0.021235802140000003,
        0.02115430214,
        0.02100521914,
        0.021372469140000003,
        0.02121626114,
        0.02107984414,
        0.02093901114,
        0.02101488614,
        0.02089834414,
        0.02117288614,
        0.021524469140000002,
        0.021241510140000003,
        0.02111880214,
        0.02095159414,
        0.02109671914,
        0.02116796914,
        0.02106888514,
        0.021232053140000002,
        0.021094969140000003,
        0.02112046914,
        0.02098713614,
        0.02164288614,
        0.021104844140000002,
        0.02104580214,
        0.02121876114,
        0.021100969140000002,
        0.02171296914,
        0.021190428140000002,
        0.02160988514,
        0.02108363514,
        0.02124680214,
        0.021180427140000003,
        0.02118301014,
        0.020986719140000002,
        0.021137261140000002,
        0.02118405214
      ],
      "memory_usage_byte": [
        32669696,
        32669696,
        32669696,
        32669696,
        32669696,
        32669696,
        32669696,
        32669696,
        32669696,
        32669696,
        32669696,
        32669696,
        32669696,
        32669696,
        32669696,
        32669696,
        32669696,
        32669696,
        32669696,
        32669696,
        32669696,
        32669696,
        32669696,
        32669696,
        32669696,
        32669696,
        32669696,
        32669696,
        32669696,
        32669696,
        32669696,
        32669696,
        32669696,
        32669696,
        32669696,
        32669696,
        32669696,
        32669696,
        32669696,
        32669696,
        32669696,
        32669696,
        32669696,
        32669696,
        32669696,
        32669696,
        32669696,
        32669696,
        32669696,
        32669696,
        32669696,
        32669696,
        32669696,
        32669696,
        32669696,
        32669696,
        32669696,
        32669696,
        32669696,
        32669696,
        32669696,
        32669696,
        32669696,
        32669696,
        32669696,
        32669696,
        32669696,
        32669696,
        32669696,
        32669696,
        32669696,
        32669696,
        32669696,
        32669696,
        32669696,
        32669696,
        32669696,
        32669696,
        32669696,
        32669696,
        32669696,
        32669696,
        32669696,
        32669696,
        32669696,
        32669696,
        32669696,
        32669696,
        32669696,
        32669696,
        32669696,
        32669696,
        32669696,
        32669696,
        32669696,
        32669696,
        32669696,
        32669696,
        32669696,
        32669696,
        32669696,
        32669696,
        32669696,
        32669696,
        32669696,
        32669696,
        32669696,
        32669696,
        32669696,
        32669696,
        32669696,
        32669696,
        32669696,
        32669696,
        32669696,
        32669696,
        32669696,
        32669696,
        32669696,
        32669696,
        32669696,
        32669696,
        32669696,
        32669696,
        32669696
      ],
      "exit_codes": [
        0,
        0,
        0,
        0,
        0,
        0,
        0,
        0,
        0,
        0,
        0,
        0,
        0,
        0,
        0,
        0,
        0,
        0,
        0,
        0,
        0,
        0,
        0,
        0,
        0,
        0,
        0,
        0,
        0,
        0,
        0,
        0,
        0,
        0,
        0,
        0,
        0,
        0,
        0,
        0,
        0,
        0,
        0,
        0,
        0,
        0,
        0,
        0,
        0,
        0,
        0,
        0,
        0,
        0,
        0,
        0,
        0,
        0,
        0,
        0,
        0,
        0,
        0,
        0,
        0,
        0,
        0,
        0,
        0,
        0,
        0,
        0,
        0,
        0,
        0,
        0,
        0,
        0,
        0,
        0,
        0,
        0,
        0,
        0,
        0,
        0,
        0,
        0,
        0,
        0,
        0,
        0,
        0,
        0,
        0,
        0,
        0,
        0,
        0,
        0,
        0,
        0,
        0,
        0,
        0,
        0,
        0,
        0,
        0,
        0,
        0,
        0,
        0,
        0,
        0,
        0,
        0,
        0,
        0,
        0,
        0,
        0,
        0,
        0,
        0
      ]
    },
    {
      "command": "./bin/oxc_antd",
      "mean": 0.021370416043225808,
      "stddev": 0.0003620723954259514,
      "median": 0.02132061514,
      "user": 0.018929780645161275,
      "system": 0.0020805548387096773,
      "min": 0.02099251014,
      "max": 0.02445213514,