{
  "results": [
    {
      "command": "./bin/yuku_antd",
      "mean": 0.02117466946222222,
      "stddev": 0.0003661374145898263,
      "median": 0.02106824024,
      "user": 0.01958063365079365,
      "system": 0.001375002222222223,
      "min": 0.02072117774,
      "max": 0.023850843740000002,
      "times": [
        0.02106071874,
        0.02104271874,
        0.02099051074,
        0.02118667774,
        0.02108663574,
        0.02109588574,
        0.02099076074,
        0.02096013574,
        0.02127601074,
        0.021186468740000002,
        0.02108171974,
        0.02178626074,
        0.02114230274,
        0.02094992674,
        0.02103309474,
        0.02121530174,
        0.02114759474,
        0.02102751074,
        0.020859552740000002,
        0.02103701074,
        0.02175367774,
        0.021539427740000002,
        0.02112101074,
        0.020872135740000002,
        0.021340260740000002,
        0.021127218740000002,
        0.02111909374,
        0.02096713574,
        0.02108034374,
        0.02225646874,
        0.021403551740000002,
        0.020977843740000002,
        0.02121030274,
        0.021018927740000002,
        0.02113359374,
        0.02100359474,
        0.02104505174,
        0.02103921874,
        0.02104730274,
        0.02095217774,
        0.02099109474,
        0.020859968740000002,
        0.02081842674,
        0.02099192774,
        0.02120867774,
        0.02110446974,
        0.02104130274,
        0.02090913574,
        0.02151126074,
        0.02106338574,
        0.02112042774,
        0.021147427740000002,
        0.02102271974,
        0.02133496874,
        0.02194138574,
        0.02101159374,
        0.02106109374,
        0.02105996874,
        0.02117392674,
        0.02109759474,
        0.021056010740000002,
        0.021333260740000002,
        0.02100117774,
        0.02094867674,
        0.021317968740000002,
        0.02077084374,
        0.02086567774,
        0.021206051740000002,
        0.021139135740000002,
        0.02099146874,
        0.021055635740000002,
        0.022122677740000003,
        0.02122513574,
        0.02099205274,
        0.02098992674,
        0.02124459474,
        0.02113030174,
        0.021125926740000002,
        0.02094876074,
        0.02119246874,
        0.02101688574,
        0.02181146874,
        0.02155334374,
        0.02174517674,
        0.02139921974,
        0.02190159374,
        0.02131809474,
        0.021275552740000002,
        0.021142885740000002,
        0.023850843740000002,
        0.02152988574,
        0.02115392774,
        0.02092334374,
        0.02107042774,
        0.02115030274,
        0.02157142774,
        0.021397302740000002,
        0.020949427740000002,
        0.02102226074,
        0.02095671874,
        0.02144651074,
        0.02106476074,
        0.02083138574,
        0.020926594740000002,
        0.02090113574,
        0.02106605274,
        0.02202938574,
        0.02106226074,
        0.02138021874,
        0.02098426074,
        0.021071968740000002,
        0.02104251074,
        0.02106155174,
        0.02099413574,
        0.02084601074,
        0.02086001074,
        0.02102601074,
        0.02093159374,
        0.02072117774,
        0.02078488574,
        0.02104263574,
        0.021134593740000002,
        0.02139009374,
        0.02122430274,
        0.021237802740000002,
        0.02091276074
      ],
      "memory_usage_byte": [
        32702464,
        32702464,
        32702464,
        32702464,
        32702464,
        32702464,
        32702464,
        32702464,
        32702464,
        32702464,
        32702464,
        32702464,
        32702464,
        32702464,
        32702464,
        32702464,
        32702464,
        32702464,
        32702464,
        32702464,
        32702464,
        32702464,
        32702464,
        32702464,
        32702464,
        32702464,
        32702464,
        32702464,
        32702464,
        32702464,
        32702464,
        32702464,
        32702464,
        32702464,
        32702464,
        32702464,
        32702464,
        32702464,
        32702464,
        32702464,
        32702464,
        32702464,
        32702464,
        32702464,
        32702464,
        32702464,
        32702464,
        32702464,
        32702464,
        32702464,
        32702464,
        32702464,
        32702464,
        32702464,
        32702464,
        32702464,
        32702464,
        32702464,
        32702464,
        32702464,
        32702464,
        32702464,
        32702464,
        32702464,
        32702464,
        32702464,
        32702464,
        32702464,
        32702464,
        32702464,
        32702464,
        32702464,
        32702464,
        32702464,
        32702464,
        32702464,
        32702464,
        32702464,
        32702464,
        32702464,
        32702464,
        32702464,
        32702464,
        32702464,
        32702464,
        32702464,
        32702464,
        32702464,
        32702464,
        32702464,
        32702464,
        32702464,
        32702464,
        32702464,
        32702464,
        32702464,
        32702464,
        32702464,
        32702464,
        32702464,
        32702464,
        32702464,
        32702464,
        32702464,
        32702464,
        32702464,
        32702464,
        32702464,
        32702464,
        32702464,
        32702464,
        32702464,
        32702464,
        32702464,
        32702464,
        32702464,
        32702464,
        32702464,
        32702464,
        32702464,
        32702464,
        32702464,
        32702464,
        32702464,
        32702464,
        32702464
      ],
      "exit_codes": [
        0,
        0,
        0,
        0,
        0,
        0,
        0,
        0,
        0,
        0,
        0,
        0,
        0,
        0,
        0,
        0,
        0,
        0,
        0,
        0,
        0,
        0,
        0,
        0,
        0,
        0,
        0,
        0,
        0,
        0,
        0,
        0,
        0,
        0,
        0,
        0,
        0,
        0,
        0,
        0,
        0,
        0,
        0,
        0,
        0,
        0,
        0,
        0,
        0,
        0,
        0,
        0,
        0,
        0,
        0,
        0,
        0,
        0,
        0,
        0,
        0,
        0,
        0,
        0,
        0,
        0,
        0,
        0,
        0,
        0,
        0,
        0,
        0,
        0,
        0,
        0,
        0,
        0,
        0,
        0,
        0,
        0,
        0,
        0,
        0,
        0,
        0,
        0,
        0,
        0,
        0,
        0,
        0,
        0,
        0,
        0,
        0,
        0,
        0,
        0,
        0,
        0,
        0,
        0,
        0,
        0,
        0,
        0,
        0,
        0,
        0,
        0,
        0,
        0,
        0,
        0,
        0,
        0,
        0,
        0,
        0,
        0,
        0,
        0,
        0,
        0
      ]
    },
    {
      "command": "./bin/oxc_antd",
      "mean": 0.021295660740000007,
      "stddev": 0.0004998268471264373,
      "median": 0.02119588574,
      "user": 0.018939604000000006,
      "system": 0.0020599839999999986,
      "min": 0.02081796874,
      "max": 0.02428346874,