{
  "results": [
    {
      "command": "./bin/yuku_antd",
      "mean": 0.05903592798,
      "stddev": 0.0003218938216985304,
      "median": 0.059029292760000004,
      "user": 0.04611804,
      "system": 0.012887099999999999,
      "min": 0.05843393276,
      "max": 0.06005929276,
      "times": [
        0.05903921176,
        0.058842333760000004,
        0.05904833776,
        0.05903958176,
        0.058686222760000004,
        0.05886523676,
        0.05887685876,
        0.05905882676,
        0.05912771576,
        0.05906093076,
        0.05951181176,
        0.05934440976,
        0.05926239676,
        0.059315124760000004,
        0.05934794576,
        0.05917743876,
        0.05894638776,
        0.05898859676,
        0.05937893376,
        0.05955465176,
        0.059040182760000004,
        0.05924877076,
        0.05873343176,
        0.05873820976,
        0.05863840376,
        0.05886745176,
        0.05920545976,
        0.05912699476,
        0.05905033176,
        0.05896134576,
        0.05882368976,
        0.05901600776,
        0.05919903876,
        0.05969343976,
        0.05909136776,
        0.05872113776,
        0.05850198976,
        0.05843393276,
        0.05869926776,
        0.05868913876,
        0.05976276876,
        0.05915487676,
        0.05901937376,
        0.058689689760000004,
        0.06005929276,
        0.05891460876,
        0.05869669276,
        0.05882360876,
        0.05885674076,
        0.05886619876
      ],
      "memory_usage_byte": [
        31932416,
        31932416,
        31932416,
        31932416,
        31932416,
        31932416,
        31932416,
        31932416,
        31932416,
        31932416,
        31932416,
        31932416,
        31932416,
        31932416,
        31932416,
        31932416,
        31932416,
        31932416,
        31932416,
        31932416,
        31932416,
        31932416,
        31932416,
        31932416,
        31932416,
        31932416,
        31932416,
        31932416,
        31932416,
        31932416,
        31932416,
        31932416,
        31932416,
        31932416,
        31932416,
        31932416,
        31932416,
        31932416,
        31932416,
        31932416,
        31932416,
        31932416,
        31932416,
        31932416,
        31932416,
        31932416,
        31932416,
        31932416,
        31932416,
        31932416
      ],
      "exit_codes": [
        0,
        0,
        0,
        0,
        0,
        0,
        0,
        0,
        0,
        0,
        0,
        0,
        0,
        0,
        0,
        0,
        0,
        0,
        0,
        0,
        0,
        0,
        0,
        0,
        0,
        0,
        0,
        0,
        0,
        0,
        0,
        0,
        0,
        0,
        0,
        0,
        0,
        0,
        0,
        0,
        0,
        0,
        0,
        0,
        0,
        0,
        0,
        0,
        0,
        0
      ]
    },
    {
      "command": "./bin/oxc_antd",
      "mean": 0.06094328161416667,
      "stddev": 0.0005252803649023201,
      "median": 0.06087833526,
      "user": 0.04399596916666667,
      "system": 0.016924234166666663,
      "min": 0.05994438576,
      "max": 0.06280154976,
      "times": [
        0.06093581376,
        0.061083899760000004,
        0.06070601576,
        0.061244969760000004,
        0.06098504476,
        0.06074511776,
        0.06166413076,
        0.06072641876,
        0.06049300776,
        0.06062931176,
        0.06073466876,
        0.06177691776,
        0.061638241760000004,
        0.06139352576,
        0.06154907576,
        0.06120786976,
        0.06065838576,
        0.06076486376,
        0.06096408576,
        0.06072810576,
        0.06280154976,
        0.05994438576,
        0.060305898760000004,
        0.06017009576,
        0.06108696376,
        0.06049505076,
        0.061178474760000004,
        0.06106847076,
        0.06163121976,
        0.06087914776,
        0.06093792776,
        0.060651843760000004,
        0.06065649276,
        0.06061918276,
        0.06084316976,
        0.06030380476,
        0.06032027576,
        0.06063709676,
        0.06111011276,
        0.060877522760000004,
        0.06206272276,
        0.06126405376,
        0.06091793776,
        0.06047217676,
        0.06054897976,
        0.06151971976,
        0.06100901776,
        0.06033475076
      ],
      "memory_usage_byte": [
        42975232,
        42975232,
        42975232,
        42975232,
        42975232,
        42975232,
        42975232,
        42975232,
        42975232,
        42975232,
        42975232,
        42975232,
        42975232,
        42975232,
        42975232,
        42975232,
        42975232,
        42975232,
        42975232,
        42975232,
        42975232,
        42975232,
        42975232,
        42975232,
        42975232,
        42975232,
        42975232,
        42975232,
        42975232,
        42975232,
        42975232,
        42975232,
        42975232,
        42975232,
        42975232,
        42975232,
        42975232,
        42975232,
        42975232,
        42975232,
        42975232,
        42975232,
        42975232,
        42975232,
        42975232,
        42975232,
        42975232,
        42975232
      ],
      "exit_codes": [
        0,
        0,
        0,
        0,
        0,
        0,
        0,
        0,
        0,
        0,
        0,
        0,
        0,
        0,
        0,
        0,
        0,
        0,
        0,
        0,
        0,
        0,
        0,
        0,
        0,
        0,
        0,
        0,
        0,
        0,
        0,
        0,
        0,
        0,
        0,
        0,
        0,
        0,
        0,
        0,
        0,
        0,
        0,
        0,
        0,
        0,
        0,
        0
      ]
    },
    {
      "command": "./bin/swc_antd",
      "mean": 0.12667639262956523,
      "stddev": 0.0014811763359185244,
      "median": 0.12691840376000002,
      "user": 0.0949327834782609,
      "system": 0.03168590173913043,
      "min": 0.12286995076000001,
      "max": 0.12945242276000002,
      "times": [
        0.12762097976,
        0.12771498376,
        0.12945242276000002,
        0.12859810076,
        0.12709474876000001,
        0.12286995076000001,
        0.12546535176,
        0.12866177876,
        0.12528082776000002,
        0.12694441776,
        0.12657778476,
        0.12776149076,
        0.12565571676,
        0.12794159676000003,
        0.12760284376,
        0.12729465076000002,
        0.12583206476,
        0.12583751576000002,
        0.12655785776,
        0.12512024876000002,
        0.12691840376000002,
        0.12490566376000001,
        0.12584762976000002
      ],
      "memory_usage_byte": [
        70578176,
        70578176,
        70578176,
        70578176,
        70578176,
        70578176,
        70578176,
        70578176,
        70578176,
        70594560,
        70594560,
        70594560,
        70594560,
        70594560,
        70594560,
        70594560,
        70594560,
        70594560,
        70594560,
        70594560,
        70594560,
        70594560,
        70594560
      ],
      "exit_codes": [
        0,
        0,
        0,
        0,
        0,
        0,
        0,
        0,
        0,
        0,
        0,
        0,
        0,
        0,
        0,
        0,
        0,
        0,
        0,
        0,
        0,
        0,
        0
      ]
    }
  ]
}
