{
  "results": [
    {
      "command": "./bin/yuku_antd",
      "mean": 0.05998719840285714,
      "stddev": 0.0003465244775253377,
      "median": 0.05995879026,
      "user": 0.04616797673469388,
      "system": 0.01377326244897959,
      "min": 0.059259415260000003,
      "max": 0.06089423626,
      "times": [
        0.059960415260000004,
        0.05980607526,
        0.05995815026,
        0.06023304326,
        0.06029001926,
        0.06003309826,
        0.06005478926,
        0.060286993260000005,
        0.06086845826,
        0.05983257526,
        0.05995879026,
        0.05978907426,
        0.06021663226,
        0.06010991326,
        0.059259415260000003,
        0.05941258226,
        0.05941804226,
        0.059953942260000004,
        0.05957682826,
        0.05983273526,
        0.059820202260000004,
        0.05978048826,
        0.05946339726,
        0.05991144226,
        0.059953481260000004,
        0.05987457426,
        0.05978445526,
        0.05966846926,
        0.06001511526,
        0.05990788726,
        0.05975093326,
        0.05966227726,
        0.059643352260000004,
        0.06060929326,
        0.06012869926,
        0.059961495260000004,
        0.06003115526,
        0.06026321826,
        0.06006493926,
        0.05995699826,
        0.06044265426,
        0.06014868526,
        0.060067894260000004,
        0.06089423626,
        0.060012591260000005,
        0.06058737326,
        0.06045469626,
        0.059500886260000004,
        0.06016025726
      ],
      "memory_usage_byte": [
        31944704,
        31944704,
        31944704,
        31944704,
        31944704,
        31944704,
        31944704,
        31944704,
        31944704,
        31944704,
        31944704,
        31944704,
        31944704,
        31944704,
        31944704,
        31944704,
        31944704,
        31944704,
        31944704,
        31944704,
        31944704,
        31944704,
        31944704,
        31944704,
        31944704,
        31944704,
        31944704,
        31944704,
        31944704,
        31944704,
        31944704,
        31944704,
        31944704,
        31944704,
        31944704,
        31944704,
        31944704,
        31944704,
        31944704,
        31944704,
        31944704,
        31944704,
        31944704,
        31944704,
        31944704,
        31944704,
        31944704,
        31944704,
        31944704
      ],
      "exit_codes": [
        0,
        0,
        0,
        0,
        0,
        0,
        0,
        0,
        0,
        0,
        0,
        0,
        0,
        0,
        0,
        0,
        0,
        0,
        0,
        0,
        0,
        0,
        0,
        0,
        0,
        0,
        0,
        0,
        0,
        0,
        0,
        0,
        0,
        0,
        0,
        0,
        0,
        0,
        0,
        0,
        0,
        0,
        0,
        0,
        0,
        0,
        0,
        0,
        0
      ]
    },
    {
      "command": "./bin/oxc_antd",
      "mean": 0.0608089290967347,
      "stddev": 0.00041444824550978626,
      "median": 0.060740459260000004,
      "user": 0.04294493591836735,
      "system": 0.01782009918367346,
      "min": 0.06002251026,
      "max": 0.06190094326000001,
      "times": [
        0.06017417026,
        0.06052645026,
        0.06055979226,
        0.06052731126,
        0.061780459260000004,
        0.06114920126,
        0.06154082226,
        0.06140271726,
        0.06048962126,
        0.06035874726,
        0.06190094326000001,
        0.061564416260000004,
        0.06088723226,
        0.06052924526,
        0.06062409226,
        0.060951452260000004,
        0.06078393026,
        0.06002251026,
        0.06038677926,
        0.06068272126,
        0.06069154726,
        0.06087809626,
        0.06129186826,
        0.06140014026,
        0.061117120260000005,
        0.06078114426,
        0.06069307026,
        0.06080696326,
        0.06044302426,
        0.06005664326,
        0.06083311126,
        0.06099250926,
        0.060866685260000004,
        0.060357785260000005,
        0.06042517026,
        0.06032158826,
        0.06065570326,
        0.06125521926,
        0.06067303326,
        0.06076810026,
        0.06109975026,
        0.06062870026,
        0.06104835326,
        0.061114497260000004,
        0.060740459260000004,
        0.06088603126,
        0.06071802726,
        0.06072470026,
        0.060525868260000004
      ],
      "memory_usage_byte": [
        42971136,
        42971136,
        42971136,
        42971136,
        42971136,
        42971136,
        42971136,
        42971136,
        42971136,
        42971136,
        42971136,
        42971136,
        42971136,
        42971136,
        42971136,
        42971136,
        42971136,
        42971136,
        42971136,
        42971136,
        42971136,
        42971136,
        42971136,
        42971136,
        42971136,
        42971136,
        42971136,
        42971136,
        42971136,
        42971136,
        42971136,
        42971136,
        42971136,
        42971136,
        42971136,
        42971136,
        42971136,
        42971136,
        42971136,
        42971136,
        42971136,
        42971136,
        42971136,
        42971136,
        42971136,
        42971136,
        42971136,
        42971136,
        42971136
      ],
      "exit_codes": [
        0,
        0,
        0,
        0,
        0,
        0,
        0,
        0,
        0,
        0,
        0,
        0,
        0,
        0,
        0,
        0,
        0,
        0,
        0,
        0,
        0,
        0,
        0,
        0,
        0,
        0,
        0,
        0,
        0,
        0,
        0,
        0,
        0,
        0,
        0,
        0,
        0,
        0,
        0,
        0,
        0,
        0,
        0,
        0,
        0,
        0,
        0,
        0,
        0
      ]
    },
    {
      "command": "./bin/swc_antd",
      "mean": 0.12816618821652173,
      "stddev": 0.0008542360146900778,
      "median": 0.12815645626,
      "user": 0.09750700956521738,
      "system": 0.030590574782608692,
      "min": 0.12645509226,
      "max": 0.12994275926,
      "times": [
        0.12645509226,
        0.12710135826000002,
        0.12905258726000002,
        0.12815645626,
        0.12875726726,
        0.12783991526,
        0.12826607026,
        0.12746802226,
        0.12784986326,
        0.12724470526,
        0.12857934426,
        0.12952738326000002,
        0.12889688826,
        0.12765589226000001,
        0.12885272526,
        0.12745013826,
        0.12728997926000002,
        0.12756824826000002,
        0.12773552126,
        0.12994275926,
        0.12849296426,
        0.12862672326,
        0.12901242426
      ],
      "memory_usage_byte": [
        70590464,
        70590464,
        70590464,
        70590464,
        70590464,
        70590464,
        70590464,
        70590464,
        70590464,
        70590464,
        70590464,
        70590464,
        70590464,
        70590464,
        70590464,
        70590464,
        70590464,
        70590464,
        70590464,
        70590464,
        70590464,
        70590464,
        70590464
      ],
      "exit_codes": [
        0,
        0,
        0,
        0,
        0,
        0,
        0,
        0,
        0,
        0,
        0,
        0,
        0,
        0,
        0,
        0,
        0,
        0,
        0,
        0,
        0,
        0,
        0
      ]
    }
  ]
}
