{
  "results": [
    {
      "command": "./bin/yuku_antd",
      "mean": 0.05986175163632654,
      "stddev": 0.0003122843979351778,
      "median": 0.05977771682000001,
      "user": 0.047055801224489796,
      "system": 0.012751453061224485,
      "min": 0.059391304820000004,
      "max": 0.06106279282,
      "times": [
        0.059391304820000004,
        0.05940389782,
        0.05968659582000001,
        0.059731209820000006,
        0.06013215982,
        0.06024894782,
        0.059682078820000005,
        0.05968147682,
        0.05977771682000001,
        0.059608279820000006,
        0.05979220382000001,
        0.059852887820000006,
        0.059789399820000005,
        0.05976020382,
        0.05999686682,
        0.059744143820000005,
        0.05961046382000001,
        0.05968856082000001,
        0.059804587820000005,
        0.05949008982,
        0.059732091820000006,
        0.05981062882,
        0.05963547082,
        0.059825796820000006,
        0.059541204820000006,
        0.05986858282,
        0.060294938820000005,
        0.06106279282,
        0.06012877782000001,
        0.05967995982,
        0.05981803782,
        0.059710656820000006,
        0.06043872082000001,
        0.06032647482,
        0.06007202282000001,
        0.06012264682000001,
        0.05998439882000001,
        0.059948030820000005,
        0.059716340820000005,
        0.06047079382000001,
        0.059732017820000004,
        0.059771130820000004,
        0.059733280820000005,
        0.05992480782,
        0.059460199820000004,
        0.060344360820000005,
        0.05959614382,
        0.05992147082,
        0.059680971820000005
      ],
      "memory_usage_byte": [
        31932416,
        31932416,
        31932416,
        31932416,
        31932416,
        31932416,
        31932416,
        31932416,
        31932416,
        31932416,
        31932416,
        31932416,
        31932416,
        31932416,
        31932416,
        31932416,
        31932416,
        31932416,
        31932416,
        31932416,
        31932416,
        31932416,
        31932416,
        31932416,
        31932416,
        31932416,
        31932416,
        31932416,
        31932416,
        31932416,
        31932416,
        31932416,
        31932416,
        31932416,
        31932416,
        31932416,
        31932416,
        31932416,
        31932416,
        31932416,
        31932416,
        31932416,
        31932416,
        31932416,
        31932416,
        31932416,
        31932416,
        31932416,
        31932416
      ],
      "exit_codes": [
        0,
        0,
        0,
        0,
        0,
        0,
        0,
        0,
        0,
        0,
        0,
        0,
        0,
        0,
        0,
        0,
        0,
        0,
        0,
        0,
        0,
        0,
        0,
        0,
        0,
        0,
        0,
        0,
        0,
        0,
        0,
        0,
        0,
        0,
        0,
        0,
        0,
        0,
        0,
        0,
        0,
        0,
        0,
        0,
        0,
        0,
        0,
        0,
        0
      ]
    },
    {
      "command": "./bin/oxc_antd",
      "mean": 0.06187095446583335,
      "stddev": 0.0003835597262692809,
      "median": 0.061806161820000004,
      "user": 0.04265419833333334,
      "system": 0.019162466666666673,
      "min": 0.06093873382000001,
      "max": 0.06308397982000001,
      "times": [
        0.061310957820000005,
        0.06093873382000001,
        0.06228374182,
        0.06263079682,
        0.06254406182000001,
        0.06159973682000001,
        0.06222804082000001,
        0.06165046182,
        0.061584314820000007,
        0.06199085182,
        0.061552388820000005,
        0.06163928082,
        0.06161208682,
        0.061807859820000005,
        0.06188074282,
        0.061726584820000006,
        0.06193624582,
        0.06183523782,
        0.06177697882,
        0.06216967182000001,
        0.06194766282,
        0.06169733982,
        0.06216667582,
        0.061703411820000005,
        0.061484271820000005,
        0.06194343882,
        0.061556807820000004,
        0.061222131820000004,
        0.06180849782,
        0.061758012820000006,
        0.06203840682,
        0.06233592282,
        0.061668566820000006,
        0.06203075282000001,
        0.06180446382,
        0.062310391820000005,
        0.06214037682000001,
        0.06166431882000001,
        0.062408156820000005,
        0.06308397982000001,
        0.06137313482000001,
        0.06175026882,
        0.061777960820000005,
        0.06164412082,
        0.06212129182000001,
        0.06210775582,
        0.06205331482000001,
        0.061505601820000005
      ],
      "memory_usage_byte": [
        42975232,
        42975232,
        42975232,
        42975232,
        42975232,
        42975232,
        42975232,
        42975232,
        42975232,
        42975232,
        42975232,
        42975232,
        42975232,
        42975232,
        42975232,
        42975232,
        42975232,
        42975232,
        42975232,
        42975232,
        42975232,
        42975232,
        42975232,
        42975232,
        42975232,
        42975232,
        42975232,
        42975232,
        42975232,
        42975232,
        42975232,
        42975232,
        42975232,
        42975232,
        42975232,
        42975232,
        42975232,
        42975232,
        42975232,
        42975232,
        42975232,
        42975232,
        42975232,
        42975232,
        42975232,
        42975232,
        42975232,
        42975232
      ],
      "exit_codes": [
        0,
        0,
        0,
        0,
        0,
        0,
        0,
        0,
        0,
        0,
        0,
        0,
        0,
        0,
        0,
        0,
        0,
        0,
        0,
        0,
        0,
        0,
        0,
        0,
        0,
        0,
        0,
        0,
        0,
        0,
        0,
        0,
        0,
        0,
        0,
        0,
        0,
        0,
        0,
        0,
        0,
        0,
        0,
        0,
        0,
        0,
        0,
        0
      ]
    },
    {
      "command": "./bin/swc_antd",
      "mean": 0.12975679668363635,
      "stddev": 0.0010497571159922255,
      "median": 0.12949836832,
      "user": 0.09796760363636361,
      "system": 0.0317258,
      "min": 0.12800583082,
      "max": 0.13220290582000002,
      "times": [
        0.13025505082,
        0.12972434082,
        0.13019862582,
        0.13220290582000002,
        0.13054873882,
        0.13004382582000001,
        0.12935910782,
        0.12829110582,
        0.12915069882000002,
        0.12942421982000002,
        0.13196459182,
        0.13053151682,
        0.12909228982,
        0.12930672082,
        0.12957251682,
        0.12937475682000002,
        0.13042732182,
        0.12878476482,
        0.12800583082,
        0.12847585782,
        0.12934921882,
        0.13056551982
      ],
      "memory_usage_byte": [
        70598656,
        70598656,
        70598656,
        70598656,
        70598656,
        70598656,
        70598656,
        70598656,
        70598656,
        70598656,
        70598656,
        70598656,
        70598656,
        70598656,
        70598656,
        70598656,
        70598656,
        70598656,
        70598656,
        70598656,
        70598656,
        70598656
      ],
      "exit_codes": [
        0,
        0,
        0,
        0,
        0,
        0,
        0,
        0,
        0,
        0,
        0,
        0,
        0,
        0,
        0,
        0,
        0,
        0,
        0,
        0,
        0,
        0
      ]
    }
  ]
}
