{
  "results": [
    {
      "command": "./bin/yuku_antd",
      "mean": 0.017448961331588787,
      "stddev": 0.0016540089280142982,
      "median": 0.016750296640000002,
      "user": 0.019669529906542048,
      "system": 0.0013010355140186918,
      "min": 0.01607425464,
      "max": 0.02455725464,
      "times": [
        0.02089504664,
        0.02001137964,
        0.018062588640000002,
        0.017419004640000003,
        0.01735446364,
        0.017534380640000003,
        0.017776921640000002,
        0.017180837640000002,
        0.01738287964,
        0.017305837640000002,
        0.017222296640000002,
        0.01951713064,
        0.01889342164,
        0.019063754640000003,
        0.01779304664,
        0.018030004640000003,
        0.01874808864,
        0.018239421640000003,
        0.01855138064,
        0.01743100464,
        0.018366671640000002,
        0.017545171640000003,
        0.023065837640000003,
        0.022372879640000003,
        0.021621838640000002,
        0.01877804664,
        0.02455725464,
        0.023844880640000003,
        0.019701879640000003,
        0.018247338640000003,
        0.017522379640000002,
        0.01760642164,
        0.01745458764,
        0.01745354664,
        0.016547213640000002,
        0.01670783764,
        0.016445421640000003,
        0.016220837640000003,
        0.01707754664,
        0.016710088640000002,
        0.016524880640000003,
        0.016296046640000002,
        0.016218880640000002,
        0.016744171640000003,
        0.017170587640000002,
        0.01621287964,
        0.01616075564,
        0.016438796640000003,
        0.016760421640000002,
        0.01672179664,
        0.016750296640000002,
        0.01643904664,
        0.01663688064,
        0.01675867164,
        0.01632529664,
        0.016287338640000003,
        0.01693913064,
        0.01674542164,
        0.01799517164,
        0.021144754640000003,
        0.02031442164,
        0.019985504640000002,
        0.017420337640000002,
        0.016485380640000002,
        0.01650892164,
        0.01692308864,
        0.01651733864,
        0.01649992164,
        0.01672325464,
        0.016560337640000002,
        0.016560421640000003,
        0.01627908864,
        0.01681258864,
        0.01663987964,
        0.01680142164,
        0.016580171640000002,
        0.01629946364,
        0.016540379640000002,
        0.016882546640000003,
        0.017787671640000002,
        0.01670925564,
        0.01636758864,
        0.01646900464,
        0.01607425464,
        0.016588046640000003,
        0.016165754640000002,
        0.01621583764,
        0.01652392164,
        0.01651354664,
        0.01619883764,
        0.01664154664,
        0.01632371364,
        0.01682983864,
        0.01632867164,
        0.016658588640000003,
        0.016846379640000003,
        0.01644158864,
        0.016266629640000002,
        0.017004462640000002,
        0.016921337640000002,
        0.016650087640000002,
        0.01649000464,
        0.016612171640000003,
        0.01673050464,
        0.01670921364,
        0.016517421640000002,
        0.01658671364
      ],
      "memory_usage_byte": [
        32718848,
        32718848,
        32718848,
        32718848,
        32718848,
        32718848,
        32718848,
        32718848,
        32718848,
        32718848,
        32718848,
        32718848,
        32718848,
        32718848,
        32718848,
        32718848,
        32718848,
        32718848,
        32718848,
        32718848,
        32718848,
        32718848,
        32718848,
        32718848,
        32718848,
        32735232,
        32735232,
        32735232,
        32735232,
        32735232,
        32735232,
        32735232,
        32735232,
        32735232,
        32735232,
        32735232,
        32735232,
        32735232,
        32735232,
        32735232,
        32735232,
        32735232,
        32735232,
        32735232,
        32735232,
        32735232,
        32735232,
        32735232,
        32735232,
        32735232,
        32735232,
        32735232,
        32735232,
        32735232,
        32735232,
        32735232,
        32735232,
        32735232,
        32735232,
        32735232,
        32735232,
        32735232,
        32735232,
        32735232,
        32735232,
        32735232,
        32735232,
        32735232,
        32735232,
        32735232,
        32735232,
        32735232,
        32735232,
        32735232,
        32735232,
        32735232,
        32735232,
        32735232,
        32735232,
        32735232,
        32735232,
        32735232,
        32735232,
        32735232,
        32735232,
        32735232,
        32735232,
        32735232,
        32735232,
        32735232,
        32735232,
        32735232,
        32735232,
        32735232,
        32735232,
        32735232,
        32735232,
        32735232,
        32735232,
        32735232,
        32735232,
        32735232,
        32735232,
        32735232,
        32735232,
        32735232,
        32735232
      ],
      "exit_codes": [
        0,
        0,
        0,
        0,
        0,
        0,
        0,
        0,
        0,
        0,
        0,
        0,
        0,
        0,
        0,
        0,
        0,
        0,
        0,
        0,
        0,
        0,
        0,
        0,
        0,
        0,
        0,
        0,
        0,
        0,
        0,
        0,
        0,
        0,
        0,
        0,
        0,
        0,
        0,
        0,
        0,
        0,
        0,
        0,
        0,
        0,
        0,
        0,
        0,
        0,
        0,
        0,
        0,
        0,
        0,
        0,
        0,
        0,
        0,
        0,
        0,
        0,
        0,
        0,
        0,
        0,
        0,
        0,
        0,
        0,
        0,
        0,
        0,
        0,
        0,
        0,
        0,
        0,
        0,
        0,
        0,
        0,
        0,
        0,
        0,
        0,
        0,
        0,
        0,
        0,
        0,
        0,
        0,
        0,
        0,
        0,
        0,
        0,
        0,
        0,
        0,
        0,
        0,
        0,
        0,
        0,
        0
      ]
    },
    {
      "command": "./bin/oxc_antd",
      "mean": 0.018614662850526313,
      "stddev": 0.0012981005028731927,
      "median": 0.018366380640000003,
      "user": 0.019847687719298245,
      "system": 0.002050136842105263,
      "min": 0.01694721364,
      "max": 0.02465487964,