{
  "results": [
    {
      "command": "./bin/yuku_antd",
      "mean": 0.02387182447180329,
      "stddev": 0.004341237562167222,
      "median": 0.02270170498,
      "user": 0.020795057049180325,
      "system": 0.0018330403278688531,
      "min": 0.02023053798,
      "max": 0.054281412980000006,
      "times": [
        0.02146982998,
        0.021257995980000003,
        0.020894663980000002,
        0.020542454980000003,
        0.021126537980000002,
        0.021077204980000003,
        0.020902579980000002,
        0.02599941298,
        0.020750079980000002,
        0.021041079980000002,
        0.02070112198,
        0.02041416298,
        0.020610912980000003,
        0.021010995980000002,
        0.02276678798,
        0.03852816298,
        0.022443079980000002,
        0.021742495980000002,
        0.021537579980000002,
        0.021364454980000003,
        0.054281412980000006,
        0.033034329980000006,
        0.028584329980000003,
        0.028947120980000005,
        0.023973745980000002,
        0.02170195498,
        0.02125287198,
        0.020899996980000002,
        0.020788870980000002,
        0.02093103798,
        0.02125003798,
        0.02095941298,
        0.020786121980000002,
        0.020737120980000003,
        0.02091678798,
        0.021002121980000003,
        0.020522204980000004,
        0.02056887098,
        0.02086320498,
        0.020548037980000003,
        0.020897371980000003,
        0.02452062198,
        0.024993829980000003,
        0.037405079980000006,
        0.033821204980000005,
        0.024826037980000003,
        0.025719412980000002,
        0.025008621980000003,
        0.025016412980000003,
        0.025361954980000004,
        0.02538887198,
        0.022257121980000003,
        0.025282746980000003,
        0.02270637098,
        0.022064454980000002,
        0.025821788980000003,
        0.025844620980000003,
        0.02618728798,
        0.02559549598,
        0.02541224598,
        0.025163454980000003,
        0.024934829980000003,
        0.02445966398,
        0.024097038980000002,
        0.022340662980000002,
        0.024981162980000002,
        0.025500621980000002,
        0.025347954980000004,
        0.024809579980000003,
        0.025331788980000002,
        0.02269703898,
        0.02441245498,
        0.024605246980000002,
        0.02534103798,
        0.025801329980000003,
        0.022017746980000003,
        0.022238329980000002,
        0.024926912980000004,
        0.02321587198,
        0.02522095498,
        0.024746288980000003,
        0.02306416298,
        0.022660120980000004,
        0.02475620498,
        0.022677287980000002,
        0.02274462198,
        0.02523624698,
        0.024993496980000002,
        0.022386246980000003,
        0.024847620980000002,
        0.023128037980000002,
        0.025003370980000002,
        0.02504695498,
        0.025247246980000002,
        0.02187428798,
        0.02234237098,
        0.025970371980000004,
        0.02743087098,
        0.031472079980000005,
        0.02944074698,
        0.023617662980000002,
        0.021720912980000003,
        0.02112732998,
        0.021350288980000003,
        0.021407662980000002,
        0.02071628798,
        0.02147578798,
        0.02071291298,
        0.020819663980000003,
        0.02047666298,
        0.020392288980000003,
        0.02060091298,
        0.02044487198,
        0.02035787198,
        0.020798829980000003,
        0.020573704980000003,
        0.02023053798,
        0.021133746980000003,
        0.023496288980000002,
        0.02553087198,
        0.031747788980000004,
        0.028254621980000005
      ],
      "memory_usage_byte": [
        32718848,
        32718848,
        32718848,
        32718848,
        32718848,
        32718848,
        32718848,
        32718848,
        32718848,
        32718848,
        32718848,
        32718848,
        32718848,
        32718848,
        32718848,
        32718848,
        32718848,
        32718848,
        32718848,
        32718848,
        32718848,
        32718848,
        32718848,
        32718848,
        32718848,
        32718848,
        32718848,
        32718848,
        32718848,
        32718848,
        32718848,
        32718848,
        32718848,
        32718848,
        32718848,
        32718848,
        32718848,
        32718848,
        32718848,
        32718848,
        32718848,
        32718848,
        32718848,
        32718848,
        32718848,
        32718848,
        32718848,
        32718848,
        32718848,
        32718848,
        32718848,
        32718848,
        32718848,
        32718848,
        32718848,
        32718848,
        32718848,
        32718848,
        32718848,
        32718848,
        32718848,
        32718848,
        32718848,
        32718848,
        32718848,
        32718848,
        32718848,
        32718848,
        32718848,
        32718848,
        32718848,
        32718848,
        32718848,
        32718848,
        32718848,
        32718848,
        32718848,
        32718848,
        32718848,
        32718848,
        32718848,
        32718848,
        32718848,
        32718848,
        32718848,
        32718848,
        32718848,
        32718848,
        32718848,
        32718848,
        32718848,
        32718848,
        32718848,
        32718848,
        32718848,
        32718848,
        32718848,
        32718848,
        32718848,
        32718848,
        32718848,
        32718848,
        32718848,
        32718848,
        32718848,
        32718848,
        32718848,
        32718848,
        32718848,
        32718848,
        32718848,
        32718848,
        32718848,
        32718848,
        32718848,
        32718848,
        32718848,
        32718848,
        32718848,
        32718848,
        32718848,
        32718848
      ],
      "exit_codes": [
        0,
        0,
        0,
        0,
        0,
        0,
        0,
        0,
        0,
        0,
        0,
        0,
        0,
        0,
        0,
        0,
        0,
        0,
        0,
        0,
        0,
        0,
        0,
        0,
        0,
        0,
        0,
        0,
        0,
        0,
        0,
        0,
        0,
        0,
        0,
        0,
        0,
        0,
        0,
        0,
        0,
        0,
        0,
        0,
        0,
        0,
        0,
        0,
        0,
        0,
        0,
        0,
        0,
        0,
        0,
        0,
        0,
        0,
        0,
        0,
        0,
        0,
        0,
        0,
        0,
        0,
        0,
        0,
        0,
        0,
        0,
        0,
        0,
        0,
        0,
        0,
        0,
        0,
        0,
        0,
        0,
        0,
        0,
        0,
        0,
        0,
        0,
        0,
        0,
        0,
        0,
        0,
        0,
        0,
        0,
        0,
        0,
        0,
        0,
        0,
        0,
        0,
        0,
        0,
        0,
        0,
        0,
        0,
        0,
        0,
        0,
        0,
        0,
        0,
        0,
        0,
        0,
        0,
        0,
        0,
        0,
        0
      ]
    },
    {
      "command": "./bin/oxc_antd",
      "mean": 0.0249021576918644,
      "stddev": 0.00302201608053395,
      "median": 0.024971809480000003,
      "user": 0.021133756271186438,
      "system": 0.002629393898305084,
      "min": 0.020730120980000002,
      "max": 0.045133079980000004,