{
  "results": [
    {
      "command": "./bin/yuku_typescript",
      "mean": 0.029851315801666653,
      "stddev": 0.004867728956496313,
      "median": 0.02818407526,
      "user": 0.026001215416666678,
      "system": 0.002270340416666667,
      "min": 0.026379950760000003,
      "max": 0.052866658760000004,
      "times": [
        0.02808082576,
        0.027390742760000003,
        0.02704953376,
        0.02778870076,
        0.029761575760000002,
        0.02826286776,
        0.027651825760000002,
        0.027100784760000003,
        0.02731395076,
        0.029477283760000004,
        0.027760450760000003,
        0.028335908760000004,
        0.030080825760000002,
        0.02816336676,
        0.02923620076,
        0.029319033759999998,
        0.03013824276,
        0.028364242760000002,
        0.027585283760000003,
        0.03013328476,
        0.02858703376,
        0.033592908760000005,
        0.02836432576,
        0.028813575760000005,
        0.02807603476,
        0.027585784760000003,
        0.031181659760000004,
        0.03511849276000001,
        0.028067367760000003,
        0.027435658760000002,
        0.02727140876,
        0.027154909760000002,
        0.052866658760000004,
        0.028278616760000003,
        0.028041617760000002,
        0.027469200760000003,
        0.02734249276,
        0.02746653476,
        0.030285991760000002,
        0.028597075760000003,
        0.028119284760000002,
        0.02713553376,
        0.02726232576,
        0.027828783760000003,
        0.036420283760000005,
        0.02801574276,
        0.027999825760000003,
        0.026790283760000002,
        0.026379950760000003,
        0.03279111676,
        0.02975420076,
        0.03010865976,
        0.036629825760000005,
        0.029096867760000002,
        0.04066749276000001,
        0.02984445076,
        0.04494449276,
        0.02776349176,
        0.02748861776,
        0.026854991760000002,
        0.026760825760000002,
        0.02927649176,
        0.028423075760000003,
        0.02908886776,
        0.03359307576000001,
        0.029941200760000005,
        0.029871492760000003,
        0.02874532576,
        0.02875390876,
        0.02763761776,
        0.027692533760000002,
        0.02788140876,
        0.027741283760000002,
        0.02820478376,
        0.043969492760000006,
        0.027720492760000003,
        0.02710624176,
        0.02733778476,
        0.02663420076,
        0.02679670076,
        0.04721324176,
        0.02750699276,
        0.027415825760000002,
        0.027046992760000003,
        0.028970741760000005,
        0.03057915876,
        0.02826207576,
        0.02903686676,
        0.02764124276,
        0.027006409760000002,
        0.02686007576,
        0.048892409760000005,
        0.02926028476,
        0.02994170076,
        0.036473950760000005,
        0.027953034760000002
      ],
      "memory_usage_byte": [
        42680320,
        42680320,
        42680320,
        42680320,
        42680320,
        42680320,
        42680320,
        42680320,
        42680320,
        42680320,
        42680320,
        42680320,
        42680320,
        42680320,
        42680320,
        42680320,
        42680320,
        42680320,
        42680320,
        42680320,
        42680320,
        42680320,
        42680320,
        42680320,
        42680320,
        42680320,
        42680320,
        42680320,
        42680320,
        42680320,
        42680320,
        42680320,
        42680320,
        42680320,
        42680320,
        42680320,
        42680320,
        42680320,
        42680320,
        42680320,
        42680320,
        42680320,
        42680320,
        42680320,
        42680320,
        42680320,
        42680320,
        42680320,
        42680320,
        42680320,
        42680320,
        42680320,
        42680320,
        42680320,
        42680320,
        42680320,
        42680320,
        42680320,
        42680320,
        42680320,
        42680320,
        42680320,
        42680320,
        42680320,
        42680320,
        42680320,
        42680320,
        42680320,
        42680320,
        42680320,
        42680320,
        42680320,
        42680320,
        42680320,
        42680320,
        42680320,
        42680320,
        42680320,
        42680320,
        42680320,
        42680320,
        42680320,
        42680320,
        42680320,
        42680320,
        42680320,
        42680320,
        42680320,
        42680320,
        42680320,
        42680320,
        42680320,
        42680320,
        42680320,
        42680320,
        42680320
      ],
      "exit_codes": [
        0,
        0,
        0,
        0,
        0,
        0,
        0,
        0,
        0,
        0,
        0,
        0,
        0,
        0,
        0,
        0,
        0,
        0,
        0,
        0,
        0,
        0,
        0,
        0,
        0,
        0,
        0,
        0,
        0,
        0,
        0,
        0,
        0,
        0,
        0,
        0,
        0,
        0,
        0,
        0,
        0,
        0,
        0,
        0,
        0,
        0,
        0,
        0,
        0,
        0,
        0,
        0,
        0,
        0,
        0,
        0,
        0,
        0,
        0,
        0,
        0,
        0,
        0,
        0,
        0,
        0,
        0,
        0,
        0,
        0,
        0,
        0,
        0,
        0,
        0,
        0,
        0,
        0,
        0,
        0,
        0,
        0,
        0,
        0,
        0,
        0,
        0,
        0,
        0,
        0,
        0,
        0,
        0,
        0,
        0,
        0
      ]
    },
    {
      "command": "./bin/oxc_typescript",
      "mean": 0.02847091393475728,
      "stddev": 0.0036232220373994123,
      "median": 0.02729128376,
      "user": 0.024046958640776685,
      "system": 0.003123167378640777,
      "min": 0.02550357576,
      "max": 0.04271370076000001,