{
  "results": [
    {
      "command": "./bin/yuku_typescript",
      "mean": 0.0778290112136842,
      "stddev": 0.0005089850590754895,
      "median": 0.07781330624000002,
      "user": 0.062308924210526306,
      "system": 0.015464757894736841,
      "min": 0.07685525124,
      "max": 0.07945942924,
      "times": [
        0.07685525124,
        0.07805176224,
        0.07772227524000001,
        0.07945942924,
        0.07763639824,
        0.07744674424,
        0.07758734724,
        0.07851727424,
        0.07784845124,
        0.07791813424,
        0.07731253324000001,
        0.07740230124000001,
        0.07734183824,
        0.07941993624,
        0.07722188424000001,
        0.07729294724,
        0.07784163024000001,
        0.07798958624,
        0.07813223224,
        0.07820801424000001,
        0.07798978024000001,
        0.07786323824000001,
        0.07753314524,
        0.07818881824000001,
        0.07787481224000001,
        0.07825633324,
        0.07749953924000001,
        0.07774453624000001,
        0.07741765724,
        0.07778498224000001,
        0.07807218824,
        0.07742034224000001,
        0.07769558524,
        0.07794077324000001,
        0.07762790924000001,
        0.07762926124000001,
        0.07784488324000001,
        0.07791267024000001
      ],
      "memory_usage_byte": [
        41627648,
        41627648,
        41627648,
        41627648,
        41627648,
        41627648,
        41627648,
        41627648,
        41627648,
        41627648,
        41627648,
        41627648,
        41627648,
        41627648,
        41627648,
        41627648,
        41627648,
        41627648,
        41627648,
        41627648,
        41627648,
        41627648,
        41627648,
        41627648,
        41627648,
        41627648,
        41627648,
        41627648,
        41627648,
        41627648,
        41627648,
        41627648,
        41627648,
        41627648,
        41627648,
        41627648,
        41627648,
        41627648
      ],
      "exit_codes": [
        0,
        0,
        0,
        0,
        0,
        0,
        0,
        0,
        0,
        0,
        0,
        0,
        0,
        0,
        0,
        0,
        0,
        0,
        0,
        0,
        0,
        0,
        0,
        0,
        0,
        0,
        0,
        0,
        0,
        0,
        0,
        0,
        0,
        0,
        0,
        0,
        0,
        0
      ]
    },
    {
      "command": "./bin/oxc_typescript",
      "mean": 0.07631487113743593,
      "stddev": 0.0005755206389568989,
      "median": 0.07639830724,
      "user": 0.05303849641025641,
      "system": 0.023218612820512817,
      "min": 0.07527006324,
      "max": 0.07798805224000001,
      "times": [
        0.07551405824,
        0.07590318324,
        0.07562149824,
        0.07569437324,
        0.07550915824000001,
        0.07590944524000001,
        0.07618627924,
        0.07657738124,
        0.07690777024,
        0.07685274424,
        0.07652316024000001,
        0.07672206124000001,
        0.07663255424000001,
        0.07668625424,
        0.07582267324000001,
        0.07650338324000001,
        0.07644457324000001,
        0.07603757424,
        0.07667942124,
        0.07741233824,
        0.07580048124000001,
        0.07672984624000001,
        0.07674837024,
        0.07688367224,
        0.07639830724,
        0.07599608624000001,
        0.07649412524,
        0.07672911224000001,
        0.07627459624,
        0.07593945124000001,
        0.07594005224000001,
        0.07530584924000001,
        0.07574825424000001,
        0.07527006324,
        0.07798805224000001,
        0.07660952124,
        0.07685703324000001,
        0.07607575524000001,
        0.07635146024
      ],
      "memory_usage_byte": [
        55398400,
        55398400,
        55398400,
        55398400,
        55398400,
        55398400,
        55398400,
        55398400,
        55398400,
        55398400,
        55398400,
        55398400,
        55398400,
        55398400,
        55398400,
        55398400,
        55398400,
        55398400,
        55398400,
        55398400,
        55398400,
        55398400,
        55398400,
        55398400,
        55398400,
        55398400,
        55398400,
        55398400,
        55398400,
        55398400,
        55398400,
        55398400,
        55398400,
        55398400,
        55398400,
        55398400,
        55398400,
        55398400,
        55398400
      ],
      "exit_codes": [
        0,
        0,
        0,
        0,
        0,
        0,
        0,
        0,
        0,
        0,
        0,
        0,
        0,
        0,
        0,
        0,
        0,
        0,
        0,
        0,
        0,
        0,
        0,
        0,
        0,
        0,
        0,
        0,
        0,
        0,
        0,
        0,
        0,
        0,
        0,
        0,
        0,
        0,
        0
      ]
    },
    {
      "command": "./bin/swc_typescript",
      "mean": 0.16647266253411766,
      "stddev": 0.0008739751663233734,
      "median": 0.16640118924000002,
      "user": 0.12476435764705883,
      "system": 0.04163333529411765,
      "min": 0.16474936824000003,
      "max": 0.16818916524000002,
      "times": [
        0.16701865924,
        0.16745073024,
        0.16818916524000002,
        0.16686956324000002,
        0.16630779524,
        0.16729222224,
        0.16751422824,
        0.16640118924000002,
        0.16683229424,
        0.16651437124000001,
        0.16545579524,
        0.16614996024,
        0.16593599224000002,
        0.16560848124000002,
        0.16607297724,
        0.16474936824000003,
        0.16567247024
      ],
      "memory_usage_byte": [
        94097408,
        94097408,
        94097408,
        94097408,
        94097408,
        94097408,
        94097408,
        94097408,
        94097408,
        94097408,
        94097408,
        94097408,
        94097408,
        94097408,
        94097408,
        94097408,
        94097408
      ],
      "exit_codes": [
        0,
        0,
        0,
        0,
        0,
        0,
        0,
        0,
        0,
        0,
        0,
        0,
        0,
        0,
        0,
        0,
        0
      ]
    },
    {
      "command": "./bin/jam_typescript",
      "mean": 0.19765840764000003,
      "stddev": 0.0007279936466958643,
      "median": 0.19782542724000002,
      "user": 0.11440564,
      "system": 0.08317803333333333,
      "min": 0.19616002124,
      "max": 0.19848046924,
      "times": [
        0.19757211524,
        0.19812653824,
        0.19826972624000003,
        0.19842726824,
        0.19774656224,
        0.19813135824000003,
        0.19848046924,
        0.19616002124,
        0.19682537124000002,
        0.19651463224000001,
        0.19695855924000003,
        0.19821560424,
        0.19782542724000002,
        0.19749598224,
        0.19812647924000001
      ],
      "memory_usage_byte": [
        195129344,
        195129344,
        195129344,
        195129344,
        195129344,
        195129344,
        195129344,
        195129344,
        195129344,
        195129344,
        195129344,
        195129344,
        195129344,
        195129344,
        195129344
      ],
      "exit_codes": [
        0,
        0,
        0,
        0,
        0,
        0,
        0,
        0,
        0,
        0,
        0,
        0,
        0,
        0,
        0
      ]
    }
  ]
}
