{
  "results": [
    {
      "command": "./bin/yuku_typescript",
      "mean": 0.03091466299180724,
      "stddev": 0.0018567382368017249,
      "median": 0.03156050804,
      "user": 0.027954437831325306,
      "system": 0.0024334848192771085,
      "min": 0.02723863404,
      "max": 0.03582984204,
      "times": [
        0.03267259204,
        0.03255492504,
        0.03071684104,
        0.02837917504,
        0.030316383040000002,
        0.027843384040000002,
        0.03218525804,
        0.028543258040000002,
        0.03273388304,
        0.03209617504,
        0.03375055004,
        0.03226746704,
        0.02827225904,
        0.027808592040000003,
        0.03165525904,
        0.03151130004,
        0.03179959204,
        0.03189880004,
        0.03190992504,
        0.03192509204,
        0.03172721704,
        0.03217300804,
        0.03250463304,
        0.03204021704,
        0.03149388304,
        0.03140859204,
        0.03188930004,
        0.029636258040000005,
        0.027880300040000004,
        0.028537008040000002,
        0.03264350904,
        0.028832550040000005,
        0.03168588404,
        0.03137963304,
        0.03110746604,
        0.03139434104,
        0.027539425040000003,
        0.03148880004,
        0.03178913304,
        0.029996258040000005,
        0.03155838304,
        0.03173930004,
        0.03281046704,
        0.029971466040000002,
        0.03269796704,
        0.03208517504,
        0.028304008040000005,
        0.032081300039999996,
        0.03237396704,
        0.03017300904,
        0.02831892504,
        0.027672633040000002,
        0.027508216040000002,
        0.027908092040000002,
        0.027634425040000004,
        0.030336009040000004,
        0.02723863404,
        0.030751550040000002,
        0.030444675040000004,
        0.03165384204,
        0.03331825804,
        0.03582984204,
        0.03184780004,
        0.03156050804,
        0.03258255004,
        0.03257696704,
        0.02864913304,
        0.03247950804,
        0.03236246704,
        0.03265934204,
        0.029503758040000005,
        0.03155305004,
        0.03269134204,
        0.03326792504,
        0.03281925804,
        0.03207571604,
        0.03206300804,
        0.03168705004,
        0.029373341040000004,
        0.029360592040000005,
        0.027761925040000003,
        0.02901559204,
        0.02962792504
      ],
      "memory_usage_byte": [
        42532864,
        42532864,
        42532864,
        42532864,
        42532864,
        42532864,
        42532864,
        42532864,
        42532864,
        42532864,
        42532864,
        42532864,
        42532864,
        42532864,
        42532864,
        42532864,
        42532864,
        42532864,
        42532864,
        42532864,
        42532864,
        42532864,
        42532864,
        42532864,
        42532864,
        42532864,
        42532864,
        42532864,
        42532864,
        42532864,
        42532864,
        42532864,
        42532864,
        42532864,
        42532864,
        42532864,
        42532864,
        42532864,
        42532864,
        42532864,
        42532864,
        42532864,
        42532864,
        42532864,
        42532864,
        42532864,
        42532864,
        42532864,
        42532864,
        42532864,
        42532864,
        42532864,
        42532864,
        42532864,
        42532864,
        42532864,
        42532864,
        42532864,
        42532864,
        42532864,
        42532864,
        42532864,
        42532864,
        42532864,
        42532864,
        42532864,
        42532864,
        42532864,
        42532864,
        42532864,
        42532864,
        42532864,
        42532864,
        42532864,
        42532864,
        42532864,
        42532864,
        42532864,
        42532864,
        42532864,
        42532864,
        42532864,
        42532864
      ],
      "exit_codes": [
        0,
        0,
        0,
        0,
        0,
        0,
        0,
        0,
        0,
        0,
        0,
        0,
        0,
        0,
        0,
        0,
        0,
        0,
        0,
        0,
        0,
        0,
        0,
        0,
        0,
        0,
        0,
        0,
        0,
        0,
        0,
        0,
        0,
        0,
        0,
        0,
        0,
        0,
        0,
        0,
        0,
        0,
        0,
        0,
        0,
        0,
        0,
        0,
        0,
        0,
        0,
        0,
        0,
        0,
        0,
        0,
        0,
        0,
        0,
        0,
        0,
        0,
        0,
        0,
        0,
        0,
        0,
        0,
        0,
        0,
        0,
        0,
        0,
        0,
        0,
        0,
        0,
        0,
        0,
        0,
        0,
        0,
        0
      ]
    },
    {
      "command": "./bin/oxc_typescript",
      "mean": 0.029283199585454552,
      "stddev": 0.0035973127718475374,
      "median": 0.029354550040000003,
      "user": 0.02514473,
      "system": 0.0030902459090909077,
      "min": 0.025218134040000003,
      "max": 0.04819096604,
      "times": [
        0.030540134040000003,
        0.031031884040000002,
        0.030926508040000005,
        0.026921634040000003,
        0.029310800040000005,
        0.026660008040000002,
        0.030535925040000005,
        0.030130384040000003,
        0.026259675040000003,
        0.030739050040000004,
        0.03038125804,
        0.03049613304,
        0.030525342040000004,
        0.03074413304,
        0.027334508040000004,
        0.029101092040000002,
        0.027076133040000002,
        0.02629567504,
        0.030391508040000004,
        0.029988966040000006,
        0.030537717040000006,
        0.02845750804,
        0.02774500804,
        0.026864175040000004,
        0.028728800040000006,
        0.02972800804,
        0.02857650804,
        0.026754675040000002,
        0.029611883040000005,
        0.029810883040000003,
        0.03085046604,
        0.03012863304,
        0.02993809204,
        0.031142759040000006,
        0.029946966040000005,
        0.02880934204,
        0.028638883040000004,
        0.02694988304,
        0.029398300040000002,
        0.02972950904,
        0.04233405004,
        0.03236000804,
        0.027413342040000004,
        0.02712546604,
        0.03160859204,
        0.031916883039999996,
        0.03208584104,
        0.02749463304,
        0.027062967040000004,
        0.031177091040000004,
        0.02845409204,
        0.02947613304,
        0.027780966040000004,
        0.02988046704,
        0.032213841039999996,
        0.03012846604,
        0.030994509040000003,
        0.02640380004,
        0.02909209204,
        0.02716650904,
        0.026704342040000002,
        0.027024008040000002,
        0.02886771704,
        0.04819096604,
        0.03151763304,
        0.03145596604,
        0.030837633040000003,
        0.02945650804,
        0.02686530004,
        0.026114175040000003,
        0.02581471604,
        0.02592909104,
        0.025745675040000002,
        0.025450175040000002,
        0.025327841040000004,
        0.025218134040000003,
        0.02545188404,
        0.025275508040000002,
        0.02559830004,
        0.02535592504,
        0.025624925040000003,
        0.025966634040000002,
        0.026696550040000003,
        0.030145466040000003,
        0.04365771704,
        0.030579550040000004,
        0.030840008040000002,
        0.03130071704
      ],