{
  "results": [
    {
      "command": "./bin/yuku_typescript",
      "mean": 0.02905303077894738,
      "stddev": 0.00700717298294624,
      "median": 0.026688313800000002,
      "user": 0.026658018947368422,
      "system": 0.0021895210526315795,
      "min": 0.024347313800000006,
      "max": 0.06157960580000001,
      "times": [
        0.026251938800000006,
        0.026239521800000006,
        0.026469313800000005,
        0.026786647800000007,
        0.028673396800000008,
        0.027072563800000005,
        0.028578188800000008,
        0.026756855800000007,
        0.0263281058,
        0.0286603968,
        0.06157960580000001,
        0.0413668978,
        0.030525647800000007,
        0.029143563800000008,
        0.0258848968,
        0.0249828978,
        0.025239980800000006,
        0.024649980800000006,
        0.024612647800000005,
        0.024347313800000006,
        0.024780939800000006,
        0.024438688800000004,
        0.024846188800000002,
        0.0248607728,
        0.024905230800000004,
        0.024436647800000003,
        0.024735897800000003,
        0.0271468558,
        0.028485980800000005,
        0.04825723080000001,
        0.056974980800000005,
        0.03288852280000001,
        0.028713064800000007,
        0.025908397800000003,
        0.024930438800000003,
        0.025019688800000002,
        0.026688313800000002,
        0.025518814800000005,
        0.024683980800000005,
        0.024769355800000004,
        0.024746064800000002,
        0.0248181898,
        0.024831105800000003,
        0.024798855800000005,
        0.025748605800000005,
        0.028804855800000008,
        0.027038897800000003,
        0.031013772800000006,
        0.05121410580000001,
        0.0368693558,
        0.03574185580000001,
        0.0316454388,
        0.028896063800000003,
        0.027138522800000002,
        0.026604105800000007,
        0.027460022800000004,
        0.026864480800000007,
        0.0255457308,
        0.0258815218,
        0.025305855800000006,
        0.025966771800000003,
        0.026737647800000007,
        0.025602688800000002,
        0.0257920648,
        0.025687355800000006,
        0.026966772800000004,
        0.03442927180000001,
        0.04915585580000001,
        0.04881464680000001,
        0.029841021800000006,
        0.030600980800000004,
        0.03141727180000001,
        0.029640563800000005,
        0.027136189800000002,
        0.026018146800000003,
        0.026148772800000004,
        0.026197730800000006,
        0.027328147800000008,
        0.026354064800000007,
        0.027323021800000007,
        0.025119397800000005,
        0.024594105800000002,
        0.0247290638,
        0.025686064800000005,
        0.0284391478,
        0.036690063800000006,
        0.03152127180000001,
        0.029155313800000006,
        0.031483230800000005,
        0.030949647800000007,
        0.028940021800000007,
        0.030985605800000003,
        0.026077022800000002,
        0.025152647800000004,
        0.025248563800000005
      ],
      "memory_usage_byte": [
        42549248,
        42549248,
        42549248,
        42549248,
        42549248,
        42549248,
        42549248,
        42549248,
        42549248,
        42549248,
        42549248,
        42549248,
        42549248,
        42549248,
        42549248,
        42549248,
        42549248,
        42549248,
        42549248,
        42549248,
        42549248,
        42549248,
        42549248,
        42549248,
        42549248,
        42549248,
        42549248,
        42549248,
        42549248,
        42549248,
        42663936,
        42663936,
        42663936,
        42663936,
        42663936,
        42663936,
        42663936,
        42663936,
        42663936,
        42663936,
        42663936,
        42663936,
        42663936,
        42663936,
        42663936,
        42663936,
        42663936,
        42663936,
        42663936,
        42663936,
        42663936,
        42663936,
        42663936,
        42663936,
        42663936,
        42663936,
        42663936,
        42663936,
        42663936,
        42663936,
        42663936,
        42663936,
        42663936,
        42663936,
        42663936,
        42663936,
        42663936,
        42663936,
        42663936,
        42663936,
        42663936,
        42663936,
        42663936,
        42663936,
        42663936,
        42663936,
        42663936,
        42663936,
        42663936,
        42663936,
        42663936,
        42663936,
        42663936,
        42663936,
        42663936,
        42663936,
        42663936,
        42663936,
        42663936,
        42663936,
        42663936,
        42663936,
        42663936,
        42663936,
        42663936
      ],
      "exit_codes": [
        0,
        0,
        0,
        0,
        0,
        0,
        0,
        0,
        0,
        0,
        0,
        0,
        0,
        0,
        0,
        0,
        0,
        0,
        0,
        0,
        0,
        0,
        0,
        0,
        0,
        0,
        0,
        0,
        0,
        0,
        0,
        0,
        0,
        0,
        0,
        0,
        0,
        0,
        0,
        0,
        0,
        0,
        0,
        0,
        0,
        0,
        0,
        0,
        0,
        0,
        0,
        0,
        0,
        0,
        0,
        0,
        0,
        0,
        0,
        0,
        0,
        0,
        0,
        0,
        0,
        0,
        0,
        0,
        0,
        0,
        0,
        0,
        0,
        0,
        0,
        0,
        0,
        0,
        0,
        0,
        0,
        0,
        0,
        0,
        0,
        0,
        0,
        0,
        0,
        0,
        0,
        0,
        0,
        0,
        0
      ]
    },
    {
      "command": "./bin/oxc_typescript",
      "mean": 0.029446387049999988,
      "stddev": 0.006404775765960002,
      "median": 0.028066042800000003,
      "user": 0.025646787826086946,
      "system": 0.0031839391304347817,
      "min": 0.023163272800000002,
      "max": 0.056176771800000004,