{
  "results": [
    {
      "command": "./bin/yuku_typescript",
      "mean": 0.03144636250499999,
      "stddev": 0.0027832364675271907,
      "median": 0.03127692538,
      "user": 0.0277634175,
      "system": 0.0024285808333333334,
      "min": 0.02804977888,
      "max": 0.04427769588,
      "times": [
        0.02804977888,
        0.032436695880000005,
        0.03250223788000001,
        0.030830986879999998,
        0.03291611288,
        0.032928112880000006,
        0.03277061288,
        0.03328361288,
        0.030268487880000004,
        0.02808027888,
        0.030403070879999997,
        0.028847029880000003,
        0.029031195880000003,
        0.02949398788,
        0.029442945879999998,
        0.028877111879999997,
        0.029704112879999998,
        0.030518528880000003,
        0.02952944588,
        0.02970090388,
        0.029876612879999997,
        0.02929711288,
        0.02815165388,
        0.032741403880000006,
        0.03206494588,
        0.03488473788,
        0.04427769588,
        0.04242652888,
        0.02872244588,
        0.02955986188,
        0.02892157088,
        0.02831257088,
        0.028588153879999998,
        0.028462904879999997,
        0.02883061288,
        0.02963482088,
        0.029643278880000002,
        0.02941744588,
        0.03020632088,
        0.030317278880000003,
        0.03025311288,
        0.030160361880000004,
        0.029618278879999998,
        0.032550778880000006,
        0.03445998688,
        0.03550273688,
        0.033118820880000004,
        0.032058278880000006,
        0.03112790388,
        0.03286032088,
        0.02867865388,
        0.030351945879999998,
        0.03213644588,
        0.029717653880000004,
        0.029917111880000003,
        0.029520528879999997,
        0.029966362880000003,
        0.031008362879999998,
        0.031553112880000005,
        0.03173736288,
        0.03313940388,
        0.03212019588,
        0.035905653880000006,
        0.03752307088,
        0.03944827888000001,
        0.03262565388,
        0.03277132088,
        0.02879944588,
        0.028381486879999997,
        0.03333227988,
        0.032239070880000005,
        0.03166294588,
        0.032674487880000005,
        0.031948612880000005,
        0.03359740488,
        0.02886423688,
        0.03153877888000001,
        0.03126873788,
        0.03202865388,
        0.03216107088,
        0.032883778880000006,
        0.03263523788,
        0.03272165388000001,
        0.02832632088,
        0.028401236880000003,
        0.02878236288,
        0.03128511288,
        0.03273736288,
        0.03220607088000001,
        0.033452487880000006,
        0.033604028880000004,
        0.02869148788,
        0.032323320880000006,
        0.03276573788000001,
        0.033842320880000006,
        0.03191015388000001
      ],
      "memory_usage_byte": [
        42532864,
        42532864,
        42532864,
        42532864,
        42532864,
        42532864,
        42532864,
        42532864,
        42532864,
        42532864,
        42532864,
        42532864,
        42532864,
        42532864,
        42532864,
        42532864,
        42532864,
        42532864,
        42532864,
        42532864,
        42532864,
        42532864,
        42532864,
        42532864,
        42532864,
        42532864,
        42532864,
        42532864,
        42532864,
        42532864,
        42532864,
        42532864,
        42532864,
        42532864,
        42532864,
        42532864,
        42532864,
        42532864,
        42532864,
        42532864,
        42532864,
        42532864,
        42532864,
        42532864,
        42532864,
        42532864,
        42532864,
        42532864,
        42532864,
        42532864,
        42532864,
        42532864,
        42532864,
        42532864,
        42532864,
        42532864,
        42532864,
        42532864,
        42532864,
        42532864,
        42532864,
        42532864,
        42532864,
        42532864,
        42532864,
        42532864,
        42532864,
        42532864,
        42532864,
        42532864,
        42532864,
        42532864,
        42532864,
        42532864,
        42532864,
        42532864,
        42532864,
        42532864,
        42532864,
        42532864,
        42532864,
        42532864,
        42532864,
        42532864,
        42532864,
        42532864,
        42532864,
        42532864,
        42532864,
        42532864,
        42532864,
        42532864,
        42532864,
        42532864,
        42532864,
        42532864
      ],
      "exit_codes": [
        0,
        0,
        0,
        0,
        0,
        0,
        0,
        0,
        0,
        0,
        0,
        0,
        0,
        0,
        0,
        0,
        0,
        0,
        0,
        0,
        0,
        0,
        0,
        0,
        0,
        0,
        0,
        0,
        0,
        0,
        0,
        0,
        0,
        0,
        0,
        0,
        0,
        0,
        0,
        0,
        0,
        0,
        0,
        0,
        0,
        0,
        0,
        0,
        0,
        0,
        0,
        0,
        0,
        0,
        0,
        0,
        0,
        0,
        0,
        0,
        0,
        0,
        0,
        0,
        0,
        0,
        0,
        0,
        0,
        0,
        0,
        0,
        0,
        0,
        0,
        0,
        0,
        0,
        0,
        0,
        0,
        0,
        0,
        0,
        0,
        0,
        0,
        0,
        0,
        0,
        0,
        0,
        0,
        0,
        0,
        0
      ]
    },
    {
      "command": "./bin/oxc_typescript",
      "mean": 0.030099704668235295,
      "stddev": 0.005102910442893726,
      "median": 0.029656945879999997,
      "user": 0.025473956470588234,
      "system": 0.0032280952941176467,
      "min": 0.02565957088,
      "max": 0.06042494588000001,