{
  "results": [
    {
      "command": "./bin/yuku_typescript",
      "mean": 0.07645302644512818,
      "stddev": 0.001150878245565354,
      "median": 0.07611120724,
      "user": 0.06077937025641025,
      "system": 0.01563067487179487,
      "min": 0.07582733924,
      "max": 0.08262784224,
      "times": [
        0.07611120724,
        0.07590712624,
        0.07615442724,
        0.07588400324,
        0.07602504624,
        0.07615480824,
        0.07678754424,
        0.07630234624,
        0.07705960924000001,
        0.07678793124,
        0.07621043424,
        0.07698824424,
        0.07630050224,
        0.07583652624000001,
        0.08262784224,
        0.07680657224,
        0.07670253124,
        0.07777027524,
        0.07613992224,
        0.07587711224,
        0.07589595724,
        0.07602181224,
        0.07610660124,
        0.07596851324000001,
        0.07641469524,
        0.07582733924,
        0.07609864524,
        0.07620319124,
        0.07843261724,
        0.07604801124,
        0.07591465224,
        0.07589735924,
        0.07599758724,
        0.07603022724,
        0.07597226024,
        0.07593742424,
        0.07588828324,
        0.07619188924,
        0.07638695324
      ],
      "memory_usage_byte": [
        41656320,
        41656320,
        41656320,
        41656320,
        41656320,
        41656320,
        41656320,
        41656320,
        41656320,
        41656320,
        41656320,
        41656320,
        41656320,
        41656320,
        41656320,
        41656320,
        41656320,
        41656320,
        41656320,
        41656320,
        41656320,
        41656320,
        41656320,
        41656320,
        41656320,
        41656320,
        41656320,
        41656320,
        41656320,
        41656320,
        41656320,
        41656320,
        41656320,
        41656320,
        41656320,
        41656320,
        41656320,
        41656320,
        41656320
      ],
      "exit_codes": [
        0,
        0,
        0,
        0,
        0,
        0,
        0,
        0,
        0,
        0,
        0,
        0,
        0,
        0,
        0,
        0,
        0,
        0,
        0,
        0,
        0,
        0,
        0,
        0,
        0,
        0,
        0,
        0,
        0,
        0,
        0,
        0,
        0,
        0,
        0,
        0,
        0,
        0,
        0
      ]
    },
    {
      "command": "./bin/oxc_typescript",
      "mean": 0.07649559231894737,
      "stddev": 0.0013537948889577516,
      "median": 0.07595639824,
      "user": 0.05529967052631578,
      "system": 0.02116111684210527,
      "min": 0.07558640824,
      "max": 0.08334081224,
      "times": [
        0.07749072924,
        0.07687700524,
        0.07571482724,
        0.07605454124,
        0.07571817324,
        0.07568915024,
        0.07558640824,
        0.08334081224,
        0.07838518924,
        0.07582578524,
        0.07630531924,
        0.07584715424,
        0.07623960724,
        0.07722824124,
        0.07701357024,
        0.07655816024,
        0.07596431324,
        0.07829416924,
        0.07661486724,
        0.07570389724,
        0.07569429924,
        0.07583051424,
        0.07569011124,
        0.07573067724,
        0.07579429524,
        0.07703527824,
        0.07648725824,
        0.07693048524,
        0.07751519524,
        0.07637865624,
        0.07639128924000001,
        0.07581959224,
        0.07592056124,
        0.07594756224,
        0.07569565124,
        0.07565406424,
        0.07594848324,
        0.07591661324
      ],
      "memory_usage_byte": [
        55402496,
        55451648,
        55451648,
        55451648,
        55451648,
        55451648,
        55451648,
        55451648,
        55451648,
        55451648,
        55451648,
        55451648,
        55451648,
        55451648,
        55451648,
        55451648,
        55451648,
        55451648,
        55451648,
        55451648,
        55451648,
        55451648,
        55451648,
        55451648,
        55451648,
        55451648,
        55451648,
        55451648,
        55451648,
        55451648,
        55451648,
        55451648,
        55451648,
        55451648,
        55451648,
        55451648,
        55451648,
        55451648
      ],
      "exit_codes": [
        0,
        0,
        0,
        0,
        0,
        0,
        0,
        0,
        0,
        0,
        0,
        0,
        0,
        0,
        0,
        0,
        0,
        0,
        0,
        0,
        0,
        0,
        0,
        0,
        0,
        0,
        0,
        0,
        0,
        0,
        0,
        0,
        0,
        0,
        0,
        0,
        0,
        0
      ]
    },
    {
      "command": "./bin/swc_typescript",
      "mean": 0.16505421324000003,
      "stddev": 0.0021177333727356038,
      "median": 0.16471162224000002,
      "user": 0.12513218222222225,
      "system": 0.03983965777777779,
      "min": 0.16245339824000002,
      "max": 0.17123950024,
      "times": [
        0.16317688624,
        0.16535686424,
        0.16579303424000003,
        0.16381903424000002,
        0.16594235324,
        0.16245339824000002,
        0.16810823124000002,
        0.17123950024,
        0.16414519224000002,
        0.16550638024000003,
        0.16300680924000002,
        0.16421481224,
        0.16429789724000002,
        0.16362922024,
        0.16512534724000003,
        0.16294033524,
        0.16641217424000002,
        0.16580836824000003
      ],
      "memory_usage_byte": [
        94081024,
        94081024,
        94081024,
        94081024,
        94081024,
        94081024,
        94081024,
        94081024,
        94081024,
        94081024,
        94081024,
        94081024,
        94081024,
        94081024,
        94081024,
        94081024,
        94081024,
        94081024
      ],
      "exit_codes": [
        0,
        0,
        0,
        0,
        0,
        0,
        0,
        0,
        0,
        0,
        0,
        0,
        0,
        0,
        0,
        0,
        0,
        0
      ]
    },
    {
      "command": "./bin/jam_typescript",
      "mean": 0.19753681945428575,
      "stddev": 0.0017682883687578173,
      "median": 0.19796309024000003,
      "user": 0.11411210285714286,
      "system": 0.08332502285714284,
      "min": 0.19388947424000003,
      "max": 0.20058184324000003,
      "times": [
        0.20058184324000003,
        0.19722359124000002,
        0.19840648624,
        0.19942839224000003,
        0.19844611024000003,
        0.19388947424000003,
        0.19819271824,
        0.19718186324000003,
        0.19796803924000003,
        0.19795814124000002,
        0.19608402624000001,
        0.19771085024,
        0.19444768524000003,
        0.19799625124000003
      ],
      "memory_usage_byte": [
        195133440,
        195133440,
        195133440,
        195133440,
        195133440,
        195133440,
        195133440,
        195133440,
        195133440,
        195133440,
        195133440,
        195133440,
        195133440,
        195133440
      ],
      "exit_codes": [
        0,
        0,
        0,
        0,
        0,
        0,
        0,
        0,
        0,
        0,
        0,
        0,
        0,
        0
      ]
    }
  ]
}
