{
  "results": [
    {
      "command": "./bin/yuku_typescript",
      "mean": 0.07803333824162166,
      "stddev": 0.0012222869547121342,
      "median": 0.07779012262,
      "user": 0.06135730810810812,
      "system": 0.016599872972972975,
      "min": 0.07695979162000001,
      "max": 0.08392602162,
      "times": [
        0.07865961462,
        0.07819823062,
        0.07823956762,
        0.07807964662,
        0.07848192362,
        0.07775038162,
        0.07836898762000001,
        0.07779301762,
        0.07745337362,
        0.07779012262,
        0.07755104662000001,
        0.07764219662,
        0.07810896862000001,
        0.07763150562,
        0.07788754462,
        0.07801608462000001,
        0.07797909462000001,
        0.07945229662,
        0.07736170262,
        0.07796416762000001,
        0.08392602162,
        0.08054790262,
        0.07764110462,
        0.07754325062,
        0.07715345262000001,
        0.07695979162000001,
        0.07711508262,
        0.07732691762,
        0.07845091262000001,
        0.07781323562,
        0.07887999762,
        0.07708872262000001,
        0.07731245062,
        0.07719267662,
        0.07730925462,
        0.07724225962,
        0.07732100662000001
      ],
      "memory_usage_byte": [
        41656320,
        41656320,
        41656320,
        41656320,
        41656320,
        41656320,
        41656320,
        41656320,
        41656320,
        41656320,
        41656320,
        41656320,
        41656320,
        41656320,
        41656320,
        41656320,
        41656320,
        41656320,
        41656320,
        41656320,
        41656320,
        41656320,
        41656320,
        41656320,
        41656320,
        41656320,
        41656320,
        41656320,
        41656320,
        41656320,
        41656320,
        41656320,
        41656320,
        41656320,
        41656320,
        41656320,
        41656320
      ],
      "exit_codes": [
        0,
        0,
        0,
        0,
        0,
        0,
        0,
        0,
        0,
        0,
        0,
        0,
        0,
        0,
        0,
        0,
        0,
        0,
        0,
        0,
        0,
        0,
        0,
        0,
        0,
        0,
        0,
        0,
        0,
        0,
        0,
        0,
        0,
        0,
        0,
        0,
        0
      ]
    },
    {
      "command": "./bin/oxc_typescript",
      "mean": 0.07759494301473682,
      "stddev": 0.0006802931239635881,
      "median": 0.07746259912,
      "user": 0.05325727894736841,
      "system": 0.024281136842105262,
      "min": 0.07641351162,
      "max": 0.07922322662,
      "times": [
        0.07738333962,
        0.07712267162,
        0.07642288562,
        0.07777861762,
        0.07736215962000001,
        0.07684409162,
        0.07835714762,
        0.07741453862,
        0.07914798362,
        0.07750409562,
        0.07733997762,
        0.07846797362,
        0.07717728262000001,
        0.07741745162000001,
        0.07782530162000001,
        0.07825368662,
        0.07817716362,
        0.07794381862000001,
        0.07788754362,
        0.07867485262,
        0.07852165662,
        0.07783614662,
        0.07922322662,
        0.07763460062000001,
        0.07693500462,
        0.07742110262,
        0.07751763362,
        0.07706253262,
        0.07681104362,
        0.07736458662000001,
        0.07739808862,
        0.07764009062,
        0.07758731262,
        0.07815816862000001,
        0.07695824862,
        0.07641351162,
        0.07650826762,
        0.07711402862
      ],
      "memory_usage_byte": [
        55402496,
        55402496,
        55402496,
        55402496,
        55402496,
        55402496,
        55402496,
        55402496,
        55402496,
        55402496,
        55402496,
        55402496,
        55402496,
        55402496,
        55402496,
        55402496,
        55402496,
        55443456,
        55443456,
        55443456,
        55443456,
        55443456,
        55443456,
        55443456,
        55443456,
        55443456,
        55443456,
        55443456,
        55443456,
        55443456,
        55443456,
        55443456,
        55443456,
        55443456,
        55443456,
        55443456,
        55443456,
        55443456
      ],
      "exit_codes": [
        0,
        0,
        0,
        0,
        0,
        0,
        0,
        0,
        0,
        0,
        0,
        0,
        0,
        0,
        0,
        0,
        0,
        0,
        0,
        0,
        0,
        0,
        0,
        0,
        0,
        0,
        0,
        0,
        0,
        0,
        0,
        0,
        0,
        0,
        0,
        0,
        0,
        0
      ]
    },
    {
      "command": "./bin/swc_typescript",
      "mean": 0.16622656520823534,
      "stddev": 0.001497402535460072,
      "median": 0.16588944762000002,
      "user": 0.12537278823529413,
      "system": 0.04078248823529411,
      "min": 0.16395921762000001,
      "max": 0.16913004962,
      "times": [
        0.16754107162,
        0.16527919762,
        0.16575381362,
        0.16645791762,
        0.16716073162,
        0.16892683062,
        0.16754902562,
        0.16652252662,
        0.16913004962,
        0.16536241562,
        0.16668732762000002,
        0.16555372962,
        0.16395921762000001,
        0.16400943562,
        0.16479166662,
        0.16527720362,
        0.16588944762000002
      ],
      "memory_usage_byte": [
        94072832,
        94072832,
        94072832,
        94072832,
        94072832,
        94072832,
        94072832,
        94072832,
        94072832,
        94072832,
        94072832,
        94072832,
        94072832,
        94072832,
        94072832,
        94072832,
        94072832
      ],
      "exit_codes": [
        0,
        0,
        0,
        0,
        0,
        0,
        0,
        0,
        0,
        0,
        0,
        0,
        0,
        0,
        0,
        0,
        0
      ]
    },
    {
      "command": "./bin/jam_typescript",
      "mean": 0.19943806154857144,
      "stddev": 0.0008079232083505504,
      "median": 0.19939602312000002,
      "user": 0.11006398571428573,
      "system": 0.08930382857142857,
      "min": 0.19831223962000002,
      "max": 0.20113722362,
      "times": [
        0.20035241762,
        0.19971597362000001,
        0.19871453062000002,
        0.19885902762000002,
        0.20045808562,
        0.19981800062000002,
        0.19831223962000002,
        0.19870653562,
        0.19896079962000002,
        0.19870377062,
        0.20113722362,
        0.19960221062,
        0.19925187362000002,
        0.19954017262
      ],
      "memory_usage_byte": [
        195133440,
        195133440,
        195133440,
        195133440,
        195133440,
        195133440,
        195133440,
        195133440,
        195133440,
        195133440,
        195133440,
        195133440,
        195133440,
        195133440
      ],
      "exit_codes": [
        0,
        0,
        0,
        0,
        0,
        0,
        0,
        0,
        0,
        0,
        0,
        0,
        0,
        0
      ]
    }
  ]
}
