{
  "results": [
    {
      "command": "./bin/yuku_typescript",
      "mean": 0.03191168622,
      "stddev": 0.002260797890298906,
      "median": 0.03199313882,
      "user": 0.028507078823529403,
      "system": 0.002406811764705882,
      "min": 0.027523555820000004,
      "max": 0.046226180820000004,
      "times": [
        0.031723596820000005,
        0.032909805820000006,
        0.03274943082,
        0.03050922282,
        0.03083313882,
        0.029729513820000004,
        0.030799972820000007,
        0.02903693082,
        0.03662072282000001,
        0.030752888820000004,
        0.032328930820000004,
        0.032437055820000005,
        0.03338559682,
        0.034841680820000005,
        0.028233180820000002,
        0.03135076382,
        0.03178355582,
        0.03288172282000001,
        0.03199313882,
        0.030914139820000006,
        0.027523555820000004,
        0.03269905582,
        0.030856514820000007,
        0.031226222820000003,
        0.03313530582,
        0.034203222820000004,
        0.034314222820000004,
        0.032460430820000004,
        0.03226347182000001,
        0.046226180820000004,
        0.03197784782,
        0.031992555820000004,
        0.03185730582,
        0.03221072182,
        0.03272293082,
        0.03250984682000001,
        0.031663138820000006,
        0.032137805820000004,
        0.032162138820000005,
        0.02821063982,
        0.031544680820000004,
        0.028555221820000004,
        0.03219488982,
        0.03210363882,
        0.03159801382000001,
        0.03126005582000001,
        0.028426638820000003,
        0.03169934782,
        0.031933138820000005,
        0.03190063982000001,
        0.03207043082,
        0.03154393082,
        0.030767722820000003,
        0.031691972820000004,
        0.03215705582,
        0.03200280582,
        0.028020097820000006,
        0.03172426382,
        0.031845430820000006,
        0.027816930820000002,
        0.031975430820000005,
        0.031082513820000005,
        0.028423597820000007,
        0.032121889820000006,
        0.032389305820000006,
        0.03186301482000001,
        0.032420139820000006,
        0.03219180582,
        0.028103722820000003,
        0.032254763820000004,
        0.032460097820000006,
        0.03213168082,
        0.03153801382,
        0.03264913882000001,
        0.032977222820000006,
        0.032994930820000004,
        0.03223359782,
        0.032754472820000005,
        0.03170276382000001,
        0.033568305820000005,
        0.033004013820000004,
        0.031918888820000005,
        0.032769055820000004,
        0.03292547182,
        0.03501447282
      ],
      "memory_usage_byte": [
        42532864,
        42532864,
        42532864,
        42532864,
        42532864,
        42532864,
        42532864,
        42532864,
        42532864,
        42532864,
        42532864,
        42532864,
        42532864,
        42532864,
        42532864,
        42532864,
        42532864,
        42532864,
        42532864,
        42532864,
        42532864,
        42532864,
        42532864,
        42532864,
        42532864,
        42532864,
        42532864,
        42532864,
        42532864,
        42532864,
        42532864,
        42532864,
        42532864,
        42532864,
        42532864,
        42532864,
        42532864,
        42532864,
        42532864,
        42532864,
        42532864,
        42532864,
        42532864,
        42532864,
        42532864,
        42532864,
        42532864,
        42532864,
        42532864,
        42532864,
        42532864,
        42532864,
        42532864,
        42532864,
        42532864,
        42532864,
        42532864,
        42532864,
        42532864,
        42532864,
        42532864,
        42532864,
        42532864,
        42532864,
        42532864,
        42532864,
        42532864,
        42532864,
        42532864,
        42532864,
        42532864,
        42532864,
        42532864,
        42532864,
        42532864,
        42532864,
        42532864,
        42532864,
        42532864,
        42532864,
        42532864,
        42532864,
        42532864,
        42532864,
        42532864
      ],
      "exit_codes": [
        0,
        0,
        0,
        0,
        0,
        0,
        0,
        0,
        0,
        0,
        0,
        0,
        0,
        0,
        0,
        0,
        0,
        0,
        0,
        0,
        0,
        0,
        0,
        0,
        0,
        0,
        0,
        0,
        0,
        0,
        0,
        0,
        0,
        0,
        0,
        0,
        0,
        0,
        0,
        0,
        0,
        0,
        0,
        0,
        0,
        0,
        0,
        0,
        0,
        0,
        0,
        0,
        0,
        0,
        0,
        0,
        0,
        0,
        0,
        0,
        0,
        0,
        0,
        0,
        0,
        0,
        0,
        0,
        0,
        0,
        0,
        0,
        0,
        0,
        0,
        0,
        0,
        0,
        0,
        0,
        0,
        0,
        0,
        0,
        0
      ]
    },
    {
      "command": "./bin/oxc_typescript",
      "mean": 0.02999831633578947,
      "stddev": 0.005284079046219281,
      "median": 0.029759680820000002,
      "user": 0.025235241052631568,
      "system": 0.003149863157894736,
      "min": 0.025223305820000003,
      "max": 0.05991805582,