{
  "results": [
    {
      "command": "./bin/yuku_typescript",
      "mean": 0.07479557538500001,
      "stddev": 0.0020487312073636872,
      "median": 0.07431193616000001,
      "user": 0.05994479500000001,
      "system": 0.014823455000000003,
      "min": 0.07400063016000001,
      "max": 0.08548775116000001,
      "times": [
        0.07415661116000001,
        0.07423450716,
        0.07461516816000001,
        0.07400063016000001,
        0.08103320816000001,
        0.08548775116000001,
        0.07486653716000001,
        0.07442733716000001,
        0.07427939116000001,
        0.07468673116,
        0.07448003516000001,
        0.07435898916000001,
        0.07536764316000001,
        0.07452653216,
        0.07422454816000001,
        0.07420119416000001,
        0.07435208616000001,
        0.07431568816000002,
        0.07403602616000002,
        0.07419724716000001,
        0.07414034116000001,
        0.07428580216000001,
        0.07432653816000001,
        0.07415539916000001,
        0.07419772816000002,
        0.07408656016000001,
        0.07419046416000001,
        0.07416930516000002,
        0.07415955716000001,
        0.07444416816,
        0.07433334116000001,
        0.07414621216000002,
        0.07423593916000001,
        0.07452188316000001,
        0.07407779416000002,
        0.07433812016,
        0.07512231516000001,
        0.07430818416000001,
        0.07433146716000001,
        0.07440403316000001
      ],
      "memory_usage_byte": [
        41623552,
        41623552,
        41623552,
        41623552,
        41623552,
        41623552,
        41623552,
        41623552,
        41623552,
        41623552,
        41623552,
        41623552,
        41623552,
        41623552,
        41623552,
        41623552,
        41623552,
        41623552,
        41623552,
        41623552,
        41623552,
        41623552,
        41623552,
        41623552,
        41623552,
        41623552,
        41623552,
        41623552,
        41623552,
        41623552,
        41623552,
        41623552,
        41623552,
        41623552,
        41623552,
        41623552,
        41623552,
        41623552,
        41623552,
        41623552
      ],
      "exit_codes": [
        0,
        0,
        0,
        0,
        0,
        0,
        0,
        0,
        0,
        0,
        0,
        0,
        0,
        0,
        0,
        0,
        0,
        0,
        0,
        0,
        0,
        0,
        0,
        0,
        0,
        0,
        0,
        0,
        0,
        0,
        0,
        0,
        0,
        0,
        0,
        0,
        0,
        0,
        0,
        0
      ]
    },
    {
      "command": "./bin/oxc_typescript",
      "mean": 0.07196512489170732,
      "stddev": 0.0005771601567140187,
      "median": 0.07182788416000001,
      "user": 0.050414080975609774,
      "system": 0.021518755609756097,
      "min": 0.07132465316000001,
      "max": 0.07398760816000001,
      "times": [
        0.07160151016,
        0.07140649616000001,
        0.07144854416000002,
        0.07137078916000002,
        0.07142444916000001,
        0.07152466616000001,
        0.07179468116000001,
        0.07176477616000002,
        0.07201640616,
        0.07132465316000001,
        0.07290692916000001,
        0.07314528416000002,
        0.07146392316000001,
        0.07193250916,
        0.07209585416000001,
        0.07258617016,
        0.07182245316000001,
        0.07180042216000002,
        0.07176114816000001,
        0.07182788416000001,
        0.07143163316000001,
        0.07234099216,
        0.07183510716000001,
        0.07165462916000001,
        0.07196717316000001,
        0.07207084716,
        0.07218691416000002,
        0.07147670816000001,
        0.07227204316000001,
        0.07187628416000001,
        0.07203840616000001,
        0.07168551716000002,
        0.07150164416000002,
        0.07190298416000002,
        0.07233447016000001,
        0.07398760816000001,
        0.07177593716000001,
        0.07359322016000001,
        0.07197804416,
        0.07198007816000002,
        0.07166033016000001
      ],
      "memory_usage_byte": [
        55414784,
        55414784,
        55414784,
        55414784,
        55414784,
        55414784,
        55414784,
        55414784,
        55414784,
        55414784,
        55414784,
        55414784,
        55414784,
        55414784,
        55414784,
        55414784,
        55414784,
        55414784,
        55414784,
        55414784,
        55414784,
        55414784,
        55414784,
        55414784,
        55414784,
        55414784,
        55414784,
        55414784,
        55414784,
        55414784,
        55414784,
        55414784,
        55414784,
        55414784,
        55414784,
        55414784,
        55414784,
        55414784,
        55414784,
        55414784,
        55414784
      ],
      "exit_codes": [
        0,
        0,
        0,
        0,
        0,
        0,
        0,
        0,
        0,
        0,
        0,
        0,
        0,
        0,
        0,
        0,
        0,
        0,
        0,
        0,
        0,
        0,
        0,
        0,
        0,
        0,
        0,
        0,
        0,
        0,
        0,
        0,
        0,
        0,
        0,
        0,
        0,
        0,
        0,
        0,
        0
      ]
    },
    {
      "command": "./bin/swc_typescript",
      "mean": 0.15680954610444445,
      "stddev": 0.0013214331470470379,
      "median": 0.15670451616000003,
      "user": 0.1151156311111111,
      "system": 0.04162405777777777,
      "min": 0.15521621816000003,
      "max": 0.15890680716000002,
      "times": [
        0.15887196216000002,
        0.15806725216,
        0.15521621816000003,
        0.15531954016000002,
        0.15566824116000003,
        0.15890680716000002,
        0.15608021016,
        0.15688121616,
        0.15669892516000003,
        0.15523187616,
        0.15681872916,
        0.15604991516000002,
        0.15568374016000003,
        0.15552114716,
        0.15856344716,
        0.15846841816,
        0.15781407716,
        0.15671010716000003
      ],
      "memory_usage_byte": [
        94097408,
        94097408,
        94097408,
        94097408,
        94097408,
        94097408,
        94097408,
        94097408,
        94097408,
        94097408,
        94097408,
        94097408,
        94097408,
        94097408,
        94097408,
        94097408,
        94097408,
        94097408
      ],
      "exit_codes": [
        0,
        0,
        0,
        0,
        0,
        0,
        0,
        0,
        0,
        0,
        0,
        0,
        0,
        0,
        0,
        0,
        0,
        0
      ]
    },
    {
      "command": "./bin/jam_typescript",
      "mean": 0.18881693782666673,
      "stddev": 0.0006610989206954306,
      "median": 0.18872744316,
      "user": 0.10296238666666667,
      "system": 0.08576211333333332,
      "min": 0.18789384616000002,
      "max": 0.19006189516000002,
      "times": [
        0.19006013216,
        0.18844674816,
        0.18848865616000002,
        0.18891277916000002,
        0.18817010216000002,
        0.18859706916000002,
        0.18839756716000003,
        0.18908858716000002,
        0.18872744316,
        0.19006189516000002,
        0.18914585516000001,
        0.18887688216,
        0.18789384616000002,
        0.18796854816000003,
        0.18941795616
      ],
      "memory_usage_byte": [
        195129344,
        195129344,
        195129344,
        195129344,
        195129344,
        195129344,
        195129344,
        195129344,
        195129344,
        195129344,
        195129344,
        195129344,
        195129344,
        195129344,
        195129344
      ],