{
  "results": [
    {
      "command": "./bin/yuku_typescript",
      "mean": 0.06316699684723404,
      "stddev": 0.00047262578725028656,
      "median": 0.06315571206000001,
      "user": 0.0527024714893617,
      "system": 0.010417598723404257,
      "min": 0.06234263606000001,
      "max": 0.06461976806,
      "times": [
        0.06283854106,
        0.06307654106,
        0.06312400606,
        0.06324849306000001,
        0.06288545506000001,
        0.06265584306000001,
        0.06277458706000001,
        0.06268831606,
        0.06266359106000001,
        0.06250691806,
        0.06302903406,
        0.06342791106000001,
        0.06311560906000001,
        0.06303189806000001,
        0.06280741006,
        0.06273192006,
        0.06260755206,
        0.06241569706000001,
        0.06388112106,
        0.06401367506000001,
        0.06327697606,
        0.06326446006,
        0.06318612806,
        0.06336447606000001,
        0.06337336706,
        0.06342404006,
        0.06320594306,
        0.06413528506,
        0.06366476006,
        0.06367729306,
        0.06361686206,
        0.06324321706000001,
        0.06286856406,
        0.06234263606000001,
        0.06266231506,
        0.06281177006000001,
        0.06323329606,
        0.06338131806000001,
        0.06380614506,
        0.06353938106000001,
        0.06331523706,
        0.06289336006,
        0.06461976806,
        0.06360310106,
        0.06315571206000001,
        0.06289908806000001,
        0.06276023306
      ],
      "memory_usage_byte": [
        41693184,
        41693184,
        41693184,
        41693184,
        41693184,
        41693184,
        41693184,
        41693184,
        41693184,
        41693184,
        41693184,
        41693184,
        41693184,
        41693184,
        41693184,
        41693184,
        41693184,
        41693184,
        41693184,
        41693184,
        41693184,
        41693184,
        41693184,
        41693184,
        41693184,
        41693184,
        41693184,
        41693184,
        41693184,
        41693184,
        41693184,
        41693184,
        41693184,
        41693184,
        41693184,
        41693184,
        41693184,
        41693184,
        41693184,
        41693184,
        41693184,
        41693184,
        41693184,
        41693184,
        41693184,
        41693184,
        41693184
      ],
      "exit_codes": [
        0,
        0,
        0,
        0,
        0,
        0,
        0,
        0,
        0,
        0,
        0,
        0,
        0,
        0,
        0,
        0,
        0,
        0,
        0,
        0,
        0,
        0,
        0,
        0,
        0,
        0,
        0,
        0,
        0,
        0,
        0,
        0,
        0,
        0,
        0,
        0,
        0,
        0,
        0,
        0,
        0,
        0,
        0,
        0,
        0,
        0,
        0
      ]
    },
    {
      "command": "./bin/oxc_typescript",
      "mean": 0.06353457766869565,
      "stddev": 0.0005290654806136105,
      "median": 0.06345858356,
      "user": 0.0484769104347826,
      "system": 0.015000598260869566,
      "min": 0.06276560306000001,
      "max": 0.06510825806000001,
      "times": [
        0.06379043706000001,
        0.06364080206,
        0.06368744006,
        0.06309863406,
        0.06327655206,
        0.06379069506,
        0.06404356806,
        0.06360327706,
        0.06395612506000001,
        0.06323134806000001,
        0.06313225406,
        0.06345894406000001,
        0.06345822306,
        0.06303190606,
        0.06292901806000001,
        0.06276560306000001,
        0.06309926306000001,
        0.06302542506,
        0.06385916106,
        0.06345710306,
        0.06312479106,
        0.06317175106,
        0.06371841106000001,
        0.06346973906,
        0.06487042906000001,
        0.06434723706,
        0.06395924506,
        0.06349395806000001,
        0.06326764206,
        0.06303692306,
        0.06289685606,
        0.06350254906000001,
        0.06329293206,
        0.06315493006,
        0.06312648806,
        0.06307086506000001,
        0.06398335006,
        0.06336728206,
        0.06317975006000001,
        0.06510825806000001,
        0.06396094706000001,
        0.06479732106000001,
        0.06415368106000001,
        0.06352354006000001,
        0.06375747306,
        0.06291844406000001
      ],
      "memory_usage_byte": [
        55578624,
        55578624,
        55578624,
        55578624,
        55578624,
        55578624,
        55578624,
        55578624,
        55578624,
        55578624,
        55578624,
        55578624,
        55578624,
        55578624,
        55578624,
        55578624,
        55578624,
        55578624,
        55578624,
        55578624,
        55578624,
        55578624,
        55578624,
        55578624,
        55578624,
        55578624,
        55578624,
        55578624,
        55578624,
        55578624,
        55578624,
        55578624,
        55578624,
        55578624,
        55578624,
        55578624,
        55578624,
        55578624,
        55578624,
        55578624,
        55578624,
        55578624,
        55578624,
        55578624,
        55578624,
        55578624
      ],
      "exit_codes": [
        0,
        0,
        0,
        0,
        0,
        0,
        0,
        0,
        0,
        0,
        0,
        0,
        0,
        0,
        0,
        0,
        0,
        0,
        0,
        0,
        0,
        0,
        0,
        0,
        0,
        0,
        0,
        0,
        0,
        0,
        0,
        0,
        0,
        0,
        0,
        0,
        0,
        0,
        0,
        0,
        0,
        0,
        0,
        0,
        0,
        0
      ]
    },
    {
      "command": "./bin/swc_typescript",
      "mean": 0.13362484006,
      "stddev": 0.000988505097700657,
      "median": 0.13354390406,
      "user": 0.10388032545454542,
      "system": 0.02967512,
      "min": 0.13163901506,
      "max": 0.13590834506,
      "times": [
        0.13345267006,
        0.13309557306,
        0.13375049706,
        0.13470679806,
        0.13272828306,
        0.13284308806,
        0.13409931206,
        0.13416400506,
        0.13313557605999998,
        0.13320774306,
        0.13338591806,
        0.13332216806,
        0.13402466206,
        0.13163901506,
        0.13218679406,
        0.13418351606,
        0.13560656306,
        0.13590834506,
        0.13363513806,
        0.13278913606,
        0.13400284605999999,
        0.13387883406
      ],
      "memory_usage_byte": [
        94179328,
        94179328,
        94179328,
        94179328,
        94179328,
        94179328,
        94179328,
        94179328,
        94179328,
        94179328,
        94179328,
        94179328,
        94179328,
        94179328,
        94179328,
        94179328,
        94179328,
        94179328,
        94179328,
        94179328,
        94179328,
        94179328
      ],
      "exit_codes": [
        0,
        0,
        0,
        0,
        0,
        0,
        0,
        0,
        0,
        0,
        0,
        0,
        0,
        0,
        0,
        0,
        0,
        0,
        0,
        0,
        0,
        0
      ]
    },
    {
      "command": "./bin/jam_typescript",
      "mean": 0.15801056795473684,
      "stddev": 0.0005985399136463382,
      "median": 0.15805418206,
      "user": 0.09672159578947369,
      "system": 0.06120635684210527,
      "min": 0.15690093406,
      "max": 0.15934477206,