{
  "results": [
    {
      "command": "./bin/yuku_typescript",
      "mean": 0.05693227330000002,
      "stddev": 0.007496210270481339,
      "median": 0.055566429300000005,
      "user": 0.051306724827586206,
      "system": 0.004117265517241379,
      "min": 0.04190276280000001,
      "max": 0.0694141788,
      "times": [
        0.045537512800000006,
        0.0449600548,
        0.043841928800000006,
        0.04190276280000001,
        0.0454722628,
        0.049199011800000005,
        0.049970053800000004,
        0.0527676798,
        0.047501595800000004,
        0.049971845800000005,
        0.048665511800000005,
        0.049060511800000005,
        0.050865262800000005,
        0.046771554800000004,
        0.048576262800000006,
        0.0530734298,
        0.05323613780000001,
        0.052896679800000006,
        0.052825386800000006,
        0.055588762800000004,
        0.05707592880000001,
        0.06088447080000001,
        0.05701447080000001,
        0.0549230538,
        0.0575106378,
        0.055544095800000005,
        0.054059095800000005,
        0.0533463038,
        0.051776886800000005,
        0.0538901368,
        0.0524009708,
        0.0516467628,
        0.051678303800000006,
        0.054944470800000006,
        0.06318897080000001,
        0.0628898038,
        0.0642225958,
        0.0656133458,
        0.06399913780000001,
        0.0636841378,
        0.0648429298,
        0.06413338780000001,
        0.06105942980000001,
        0.0628551378,
        0.06602751180000001,
        0.0663650548,
        0.0631113048,
        0.0639236378,
        0.06204255380000001,
        0.0681095538,
        0.0658428878,
        0.0693248458,
        0.0668290128,
        0.0679300958,
        0.0694141788,
        0.06312642980000001,
        0.0629795118,
        0.06117659580000001
      ],
      "memory_usage_byte": [
        39813120,
        39813120,
        39813120,
        39813120,
        39813120,
        39813120,
        39813120,
        39813120,
        39813120,
        39813120,
        39813120,
        39813120,
        39813120,
        39813120,
        39813120,
        39813120,
        39813120,
        39813120,
        39813120,
        39813120,
        39813120,
        39813120,
        39813120,
        39813120,
        39813120,
        39845888,
        39845888,
        39845888,
        39845888,
        39845888,
        39845888,
        39845888,
        39845888,
        39845888,
        39845888,
        39845888,
        39845888,
        39845888,
        39845888,
        39845888,
        39845888,
        39845888,
        39845888,
        39845888,
        39845888,
        39845888,
        39845888,
        39845888,
        39845888,
        39845888,
        39845888,
        39845888,
        39845888,
        39845888,
        39845888,
        39845888,
        39845888,
        39845888
      ],
      "exit_codes": [
        0,
        0,
        0,
        0,
        0,
        0,
        0,
        0,
        0,
        0,
        0,
        0,
        0,
        0,
        0,
        0,
        0,
        0,
        0,
        0,
        0,
        0,
        0,
        0,
        0,
        0,
        0,
        0,
        0,
        0,
        0,
        0,
        0,
        0,
        0,
        0,
        0,
        0,
        0,
        0,
        0,
        0,
        0,
        0,
        0,
        0,
        0,
        0,
        0,
        0,
        0,
        0,
        0,
        0,
        0,
        0,
        0,
        0
      ]
    },
    {
      "command": "./bin/oxc_typescript",
      "mean": 0.03525107453015873,
      "stddev": 0.00618834757579706,
      "median": 0.0335533878,
      "user": 0.0306384673015873,
      "system": 0.003577117460317461,
      "min": 0.029858678800000003,
      "max": 0.07357572080000001,
      "times": [
        0.041773970800000004,
        0.0366525118,
        0.050214845800000005,
        0.0368789288,
        0.040872428800000006,
        0.04002513680000001,
        0.0448666798,
        0.03750013780000001,
        0.034340554800000006,
        0.0342883038,
        0.0342792618,
        0.0360547618,
        0.033330762800000004,
        0.0374915128,
        0.037521678800000006,
        0.0360296368,
        0.035474220800000004,
        0.0335533878,
        0.0354180958,
        0.0359805548,
        0.042166845800000005,
        0.035959220800000004,
        0.0347945958,
        0.0320084288,
        0.032926886800000006,
        0.03188663680000001,
        0.032741220800000005,
        0.0331026788,
        0.03288484580000001,
        0.0324729288,
        0.0319355548,
        0.032635720800000004,
        0.032256553800000004,
        0.032903595800000005,
        0.0315579288,
        0.031991720800000005,
        0.0327214288,
        0.032050012800000006,
        0.031973345800000004,
        0.032461887800000006,
        0.0342776788,
        0.032694261800000006,
        0.031240011800000002,
        0.0308699288,
        0.031219387800000005,
        0.030750553800000004,
        0.0301676378,
        0.0313691788,
        0.030899970800000003,
        0.029858678800000003,
        0.032377595800000006,
        0.0324107208,
        0.0317014288,
        0.0349917208,
        0.07357572080000001,
        0.0315678458,
        0.040109470800000005,
        0.034017970800000005,
        0.035564220800000004,
        0.0409480128,
        0.0350531788,
        0.0348646368,
        0.034308470800000004
      ],
      "memory_usage_byte": [
        55427072,
        55427072,
        55427072,
        55427072,
        55427072,
        55427072,
        55427072,
        55427072,
        55427072,
        55427072,
        55427072,
        55427072,
        55427072,
        55443456,
        55443456,
        55443456,
        55443456,
        55443456,
        55443456,
        55443456,
        55443456,
        55443456,
        55443456,
        55443456,
        55443456,
        55443456,
        55443456,
        55443456,
        55443456,
        55443456,
        55443456,
        55443456,
        55443456,
        55443456,
        55443456,
        55443456,
        55443456,
        55443456,
        55443456,
        55443456,
        55443456,
        55443456,
        55443456,
        55443456,
        55443456,
        55443456,
        55443456,
        55443456,
        55443456,
        55443456,
        55443456,
        55443456,
        55443456,
        55443456,
        55443456,
        55443456,
        55623680,
        55623680,
        55623680,
        55623680,
        55623680,
        55623680,
        55623680
      ],
      "exit_codes": [
        0,
        0,
        0,
        0,
        0,
        0,
        0,
        0,
        0,
        0,
        0,
        0,
        0,
        0,
        0,
        0,
        0,
        0,
        0,
        0,
        0,
        0,
        0,
        0,
        0,
        0,
        0,
        0,
        0,
        0,
        0,
        0,
        0,
        0,
        0,
        0,
        0,
        0,
        0,
        0,
        0,
        0,
        0,
        0,
        0,
        0,
        0,
        0,
        0,
        0,
        0,
        0,
        0,
        0,
        0,
        0,
        0,
        0,
        0,
        0,
        0,
        0,
        0
      ]
    },
    {
      "command": "./bin/swc_typescript",
      "mean": 0.0752645408,
      "stddev": 0.00669571863612825,
      "median": 0.07242484580000001,
      "user": 0.06713452516129033,
      "system": 0.006676896774193549,
      "min": 0.0639040958,
      "max": 0.0881253458,