{
  "results": [
    {
      "command": "./bin/yuku_typescript",
      "mean": 0.07831519496105266,
      "stddev": 0.0003698750957737706,
      "median": 0.07818974904,
      "user": 0.057295613684210524,
      "system": 0.020949661052631584,
      "min": 0.07782779854,
      "max": 0.07938659654,
      "times": [
        0.07805130554,
        0.07868162554000001,
        0.07795258654000001,
        0.07802758954000001,
        0.07838716154000001,
        0.07877289254000001,
        0.07812940354,
        0.07839486354000001,
        0.07888645354000001,
        0.07782779854,
        0.07819765654000001,
        0.07805602254,
        0.07900054554000001,
        0.07870099454000001,
        0.07865076854000001,
        0.07841894854,
        0.07819344954000002,
        0.07807429054000001,
        0.07808650854000002,
        0.07938659654,
        0.07811631354000001,
        0.07925862454,
        0.07820720054000001,
        0.07803379954,
        0.07830015054000002,
        0.07811020454,
        0.07821709554,
        0.07849528454000002,
        0.07810572754,
        0.07805540254000001,
        0.07796757954000001,
        0.07791526054,
        0.07807982854000001,
        0.07852248454,
        0.07800243154000001,
        0.07818199254000001,
        0.07834451754,
        0.07818604854000001
      ],
      "memory_usage_byte": [
        41766912,
        41766912,
        41766912,
        41766912,
        41766912,
        41766912,
        41766912,
        41766912,
        41766912,
        41766912,
        41766912,
        41766912,
        41766912,
        41766912,
        41766912,
        41766912,
        41766912,
        41766912,
        41766912,
        41766912,
        41766912,
        41766912,
        41766912,
        41766912,
        41766912,
        41766912,
        41766912,
        41766912,
        41766912,
        41766912,
        41766912,
        41766912,
        41766912,
        41766912,
        41766912,
        41766912,
        41766912,
        41766912
      ],
      "exit_codes": [
        0,
        0,
        0,
        0,
        0,
        0,
        0,
        0,
        0,
        0,
        0,
        0,
        0,
        0,
        0,
        0,
        0,
        0,
        0,
        0,
        0,
        0,
        0,
        0,
        0,
        0,
        0,
        0,
        0,
        0,
        0,
        0,
        0,
        0,
        0,
        0,
        0,
        0
      ]
    },
    {
      "command": "./bin/oxc_typescript",
      "mean": 0.08339346071142859,
      "stddev": 0.00038556054523118715,
      "median": 0.08335234054000001,
      "user": 0.05507816857142858,
      "system": 0.02824114,
      "min": 0.08296461654000001,
      "max": 0.08443321854000001,
      "times": [
        0.08417631154,
        0.08435737454000002,
        0.08306794154000001,
        0.08443321854000001,
        0.08338254554,
        0.08312138254000001,
        0.08319739654000001,
        0.08297368954,
        0.08328073154000001,
        0.08399165354000002,
        0.08340290654000002,
        0.08313051654,
        0.08336390754,
        0.08315366054000001,
        0.08335950054,
        0.08380229854000001,
        0.08344927654,
        0.08335592554000001,
        0.08311384154000001,
        0.08304204254000001,
        0.08302362554,
        0.08316444654,
        0.08391532854000001,
        0.08296461654000001,
        0.08371614854000001,
        0.08344145454000002,
        0.08317331054,
        0.08300204154000002,
        0.08312005954000001,
        0.08335234054000001,
        0.08349284254000001,
        0.08309034554000001,
        0.08347223054000001,
        0.08324116254000001,
        0.08344504954000001
      ],
      "memory_usage_byte": [
        55451648,
        55451648,
        55451648,
        55451648,
        55451648,
        55451648,
        55451648,
        55451648,
        55451648,
        55451648,
        55451648,
        55451648,
        55451648,
        55451648,
        55451648,
        55451648,
        55451648,
        55451648,
        55451648,
        55451648,
        55451648,
        55451648,
        55451648,
        55451648,
        55451648,
        55451648,
        55451648,
        55451648,
        55451648,
        55451648,
        55451648,
        55451648,
        55451648,
        55451648,
        55451648
      ],
      "exit_codes": [
        0,
        0,
        0,
        0,
        0,
        0,
        0,
        0,
        0,
        0,
        0,
        0,
        0,
        0,
        0,
        0,
        0,
        0,
        0,
        0,
        0,
        0,
        0,
        0,
        0,
        0,
        0,
        0,
        0,
        0,
        0,
        0,
        0,
        0,
        0
      ]
    },
    {
      "command": "./bin/swc_typescript",
      "mean": 0.18144962247750002,
      "stddev": 0.0005700514679291653,
      "median": 0.18136898454,
      "user": 0.1281178275,
      "system": 0.0532419275,
      "min": 0.18078338754,
      "max": 0.18235790954000003,
      "times": [
        0.18090649354000002,
        0.18084195554000002,
        0.18129721154,
        0.18078338754,
        0.18127646054000002,
        0.18090620254,
        0.18088957754,
        0.18144075754000002,
        0.18209409154,
        0.18213427254,
        0.18169469954,
        0.18150047754,
        0.18189537354000002,
        0.18232766454000002,
        0.18235790954000003,
        0.18084742454000002
      ],
      "memory_usage_byte": [
        94031872,
        94031872,
        94031872,
        94031872,
        94031872,
        94031872,
        94031872,
        94031872,
        94048256,
        94048256,
        94048256,
        94048256,
        94048256,
        94048256,
        94048256,
        94048256
      ],
      "exit_codes": [
        0,
        0,
        0,
        0,
        0,
        0,
        0,
        0,
        0,
        0,
        0,
        0,
        0,
        0,
        0,
        0
      ]
    },
    {
      "command": "./bin/jam_typescript",
      "mean": 0.2128914736114286,
      "stddev": 0.0009126761746731805,
      "median": 0.21314537454000002,
      "user": 0.11926699714285714,
      "system": 0.09351624000000001,
      "min": 0.21148289054000002,
      "max": 0.21434682754,
      "times": [
        0.21154126854000002,
        0.21148289054000002,
        0.21298031554000002,
        0.21250304654000002,
        0.21159755354,
        0.21392022154,
        0.21349639254000002,
        0.21331043354,
        0.21268444054000002,
        0.21353773454000002,
        0.21350261254000003,
        0.21434682754,
        0.21223370054000001,
        0.21334319254000003
      ],
      "memory_usage_byte": [
        195117056,
        195117056,
        195117056,
        195117056,
        195117056,
        195117056,
        195117056,
        195117056,
        195117056,
        195117056,
        195117056,
        195117056,
        195117056,
        195117056
      ],
      "exit_codes": [
        0,
        0,
        0,
        0,
        0,
        0,
        0,
        0,
        0,
        0,
        0,
        0,
        0,
        0
      ]
    }
  ]
}
